kanji, cardid,volume
一,1,Series 2 Volume 1
七,2,Series 2 Volume 1
万,3,Series 2 Volume 1
三,4,Series 2 Volume 1
上,5,Series 2 Volume 1
下,6,Series 2 Volume 1
不,7,Series 2 Volume 1
世,8,Series 2 Volume 1
中,9,Series 2 Volume 1
主,10,Series 2 Volume 1
乗,11,Series 2 Volume 1
九,12,Series 2 Volume 1
事,13,Series 2 Volume 1
二,14,Series 2 Volume 1
五,15,Series 2 Volume 1
京,16,Series 2 Volume 1
人,17,Series 2 Volume 1
今,18,Series 2 Volume 1
仕,19,Series 2 Volume 1
代,20,Series 2 Volume 1
以,21,Series 2 Volume 1
休,22,Series 2 Volume 1
会,23,Series 2 Volume 1
低,24,Series 2 Volume 1
住,25,Series 2 Volume 1
体,26,Series 2 Volume 1
何,27,Series 2 Volume 1
作,28,Series 2 Volume 1
使,29,Series 2 Volume 1
便,30,Series 2 Volume 1
借,31,Series 2 Volume 1
働,32,Series 2 Volume 1
元,33,Series 2 Volume 1
兄,34,Series 2 Volume 1
先,35,Series 2 Volume 1
光,36,Series 2 Volume 1
入,37,Series 2 Volume 1
全,38,Series 2 Volume 1
八,39,Series 2 Volume 1
六,40,Series 2 Volume 1
内,41,Series 2 Volume 1
円,42,Series 2 Volume 1
写,43,Series 2 Volume 1
冬,44,Series 2 Volume 1
出,45,Series 2 Volume 1
分,46,Series 2 Volume 1
切,47,Series 2 Volume 1
別,48,Series 2 Volume 1
利,49,Series 2 Volume 1
前,50,Series 2 Volume 1
力,51,Series 2 Volume 1
勉,52,Series 2 Volume 1
動,53,Series 2 Volume 1
北,54,Series 2 Volume 1
区,55,Series 2 Volume 1
医,56,Series 2 Volume 1
十,57,Series 2 Volume 1
千,58,Series 2 Volume 1
午,59,Series 2 Volume 1
半,60,Series 2 Volume 1
南,61,Series 2 Volume 1
去,62,Series 2 Volume 1
友,63,Series 2 Volume 1
取,64,Series 2 Volume 1
口,65,Series 2 Volume 1
古,66,Series 2 Volume 1
台,67,Series 2 Volume 1
右,68,Series 2 Volume 1
合,69,Series 2 Volume 1
同,70,Series 2 Volume 1
名,71,Series 2 Volume 1
味,72,Series 2 Volume 1
品,73,Series 2 Volume 1
員,74,Series 2 Volume 1
問,75,Series 2 Volume 1
四,76,Series 2 Volume 1
回,77,Series 2 Volume 1
図,78,Series 2 Volume 1
国,79,Series 2 Volume 1
土,80,Series 2 Volume 1
地,81,Series 2 Volume 1
堂,82,Series 2 Volume 1
場,83,Series 2 Volume 1
声,84,Series 2 Volume 1
売,85,Series 2 Volume 1
夏,86,Series 2 Volume 1
夕,87,Series 2 Volume 1
外,88,Series 2 Volume 1
多,89,Series 2 Volume 1
夜,90,Series 2 Volume 1
大,91,Series 2 Volume 1
天,92,Series 2 Volume 1
太,93,Series 2 Volume 1
女,94,Series 2 Volume 1
好,95,Series 2 Volume 1
妹,96,Series 2 Volume 1
姉,97,Series 2 Volume 1
始,98,Series 2 Volume 1
子,99,Series 2 Volume 1
字,100,Series 2 Volume 1
学,101,Series 2 Volume 1
安,102,Series 2 Volume 1
室,103,Series 2 Volume 1
家,104,Series 2 Volume 1
寒,105,Series 2 Volume 1
寺,106,Series 2 Volume 1
小,107,Series 2 Volume 1
少,108,Series 2 Volume 1
屋,109,Series 2 Volume 1
山,110,Series 2 Volume 1
川,111,Series 2 Volume 1
工,112,Series 2 Volume 1
左,113,Series 2 Volume 1
市,114,Series 2 Volume 1
帰,115,Series 2 Volume 1
年,116,Series 2 Volume 1
広,117,Series 2 Volume 1
店,118,Series 2 Volume 1
度,119,Series 2 Volume 1
建,120,Series 2 Volume 1
引,121,Series 2 Volume 1
弟,122,Series 2 Volume 1
弱,123,Series 2 Volume 1
強,124,Series 2 Volume 1
待,125,Series 2 Volume 1
後,126,Series 2 Volume 1
心,127,Series 2 Volume 1
思,128,Series 2 Volume 1
急,129,Series 2 Volume 1
悪,130,Series 2 Volume 1
意,131,Series 2 Volume 1
所,132,Series 2 Volume 1
手,133,Series 2 Volume 1
持,134,Series 2 Volume 1
教,135,Series 2 Volume 1
文,136,Series 2 Volume 1
料,137,Series 2 Volume 1
新,138,Series 2 Volume 1
方,139,Series 2 Volume 1
旅,140,Series 2 Volume 1
族,141,Series 2 Volume 1
日,142,Series 2 Volume 1
早,143,Series 2 Volume 1
明,144,Series 2 Volume 1
映,145,Series 2 Volume 1
春,146,Series 2 Volume 1
昼,147,Series 2 Volume 1
時,148,Series 2 Volume 1
暑,149,Series 2 Volume 1
暗,150,Series 2 Volume 1
曜,151,Series 2 Volume 1
書,152,Series 2 Volume 1
最,153,Series 2 Volume 1
月,154,Series 2 Volume 1
有,155,Series 2 Volume 1
服,156,Series 2 Volume 1
朝,157,Series 2 Volume 1
木,158,Series 2 Volume 1
本,159,Series 2 Volume 1
机,160,Series 2 Volume 1
村,161,Series 2 Volume 1
来,162,Series 2 Volume 1
東,163,Series 2 Volume 1
林,164,Series 2 Volume 1
校,165,Series 2 Volume 1
森,166,Series 2 Volume 1
業,167,Series 2 Volume 1
楽,168,Series 2 Volume 1
次,169,Series 2 Volume 1
歌,170,Series 2 Volume 1
止,171,Series 2 Volume 1
正,172,Series 2 Volume 1
歩,173,Series 2 Volume 1
死,174,Series 2 Volume 1
母,175,Series 2 Volume 1
毎,176,Series 2 Volume 1
民,177,Series 2 Volume 1
気,178,Series 2 Volume 1
水,179,Series 2 Volume 1
池,180,Series 2 Volume 1
決,181,Series 2 Volume 1
注,182,Series 2 Volume 1
洋,183,Series 2 Volume 1
洗,184,Series 2 Volume 1
海,185,Series 2 Volume 1
漢,186,Series 2 Volume 1
火,187,Series 2 Volume 1
父,188,Series 2 Volume 1
牛,189,Series 2 Volume 1
物,190,Series 2 Volume 1
特,191,Series 2 Volume 1
犬,192,Series 2 Volume 1
理,193,Series 2 Volume 1
生,194,Series 2 Volume 1
産,195,Series 2 Volume 1
用,196,Series 2 Volume 1
田,197,Series 2 Volume 1
男,198,Series 2 Volume 1
町,199,Series 2 Volume 1
画,200,Series 2 Volume 1
界,201,Series 2 Volume 1
病,202,Series 2 Volume 1
発,203,Series 2 Volume 1
白,204,Series 2 Volume 1
百,205,Series 2 Volume 1
目,206,Series 2 Volume 1
県,207,Series 2 Volume 1
真,208,Series 2 Volume 1
着,209,Series 2 Volume 1
知,210,Series 2 Volume 1
短,211,Series 2 Volume 1
石,212,Series 2 Volume 1
研,213,Series 2 Volume 1
社,214,Series 2 Volume 1
私,215,Series 2 Volume 1
秋,216,Series 2 Volume 1
究,217,Series 2 Volume 1
空,218,Series 2 Volume 1
立,219,Series 2 Volume 1
竹,220,Series 2 Volume 1
答,221,Series 2 Volume 1
米,222,Series 2 Volume 1
糸,223,Series 2 Volume 1
紙,224,Series 2 Volume 1
終,225,Series 2 Volume 1
習,226,Series 2 Volume 1
考,227,Series 2 Volume 1
者,228,Series 2 Volume 1
耳,229,Series 2 Volume 1
聞,230,Series 2 Volume 1
肉,231,Series 2 Volume 1
自,232,Series 2 Volume 1
色,233,Series 2 Volume 1
花,234,Series 2 Volume 1
英,235,Series 2 Volume 1
茶,236,Series 2 Volume 1
菜,237,Series 2 Volume 1
薬,238,Series 2 Volume 1
行,239,Series 2 Volume 1
西,240,Series 2 Volume 1
見,241,Series 2 Volume 1
親,242,Series 2 Volume 1
言,243,Series 2 Volume 1
計,244,Series 2 Volume 1
試,245,Series 2 Volume 1
話,246,Series 2 Volume 1
語,247,Series 2 Volume 1
説,248,Series 2 Volume 1
読,249,Series 2 Volume 1
買,250,Series 2 Volume 1
貸,251,Series 2 Volume 1
質,252,Series 2 Volume 1
赤,253,Series 2 Volume 1
走,254,Series 2 Volume 1
起,255,Series 2 Volume 1
足,256,Series 2 Volume 1
車,257,Series 2 Volume 1
転,258,Series 2 Volume 1
軽,259,Series 2 Volume 1
近,260,Series 2 Volume 1
送,261,Series 2 Volume 1
通,262,Series 2 Volume 1
週,263,Series 2 Volume 1
進,264,Series 2 Volume 1
運,265,Series 2 Volume 1
道,266,Series 2 Volume 1
遠,267,Series 2 Volume 1
部,268,Series 2 Volume 1
都,269,Series 2 Volume 1
重,270,Series 2 Volume 1
野,271,Series 2 Volume 1
金,272,Series 2 Volume 1
銀,273,Series 2 Volume 1
長,274,Series 2 Volume 1
門,275,Series 2 Volume 1
閉,276,Series 2 Volume 1
開,277,Series 2 Volume 1
間,278,Series 2 Volume 1
院,279,Series 2 Volume 1
集,280,Series 2 Volume 1
雨,281,Series 2 Volume 1
電,282,Series 2 Volume 1
青,283,Series 2 Volume 1
音,284,Series 2 Volume 1
頭,285,Series 2 Volume 1
題,286,Series 2 Volume 1
顔,287,Series 2 Volume 1
風,288,Series 2 Volume 1
食,289,Series 2 Volume 1
飯,290,Series 2 Volume 1
飲,291,Series 2 Volume 1
館,292,Series 2 Volume 1
首,293,Series 2 Volume 1
馬,294,Series 2 Volume 1
駅,295,Series 2 Volume 1
験,296,Series 2 Volume 1
高,297,Series 2 Volume 1
魚,298,Series 2 Volume 1
鳥,299,Series 2 Volume 1
黒,300,Series 2 Volume 1
与,301,Series 2 Volume 2
両,302,Series 2 Volume 2
並,303,Series 2 Volume 2
丸,304,Series 2 Volume 2
久,305,Series 2 Volume 2
乱,306,Series 2 Volume 2
乳,307,Series 2 Volume 2
乾,308,Series 2 Volume 2
了,309,Series 2 Volume 2
予,310,Series 2 Volume 2
争,311,Series 2 Volume 2
互,312,Series 2 Volume 2
亡,313,Series 2 Volume 2
交,314,Series 2 Volume 2
介,315,Series 2 Volume 2
仏,316,Series 2 Volume 2
他,317,Series 2 Volume 2
付,318,Series 2 Volume 2
令,319,Series 2 Volume 2
仮,320,Series 2 Volume 2
仲,321,Series 2 Volume 2
件,322,Series 2 Volume 2
任,323,Series 2 Volume 2
企,324,Series 2 Volume 2
伝,325,Series 2 Volume 2
伴,326,Series 2 Volume 2
伸,327,Series 2 Volume 2
伺,328,Series 2 Volume 2
似,329,Series 2 Volume 2
位,330,Series 2 Volume 2
余,331,Series 2 Volume 2
例,332,Series 2 Volume 2
供,333,Series 2 Volume 2
依,334,Series 2 Volume 2
価,335,Series 2 Volume 2
係,336,Series 2 Volume 2
促,337,Series 2 Volume 2
保,338,Series 2 Volume 2
信,339,Series 2 Volume 2
修,340,Series 2 Volume 2
個,341,Series 2 Volume 2
倍,342,Series 2 Volume 2
倒,343,Series 2 Volume 2
候,344,Series 2 Volume 2
値,345,Series 2 Volume 2
偉,346,Series 2 Volume 2
停,347,Series 2 Volume 2
健,348,Series 2 Volume 2
側,349,Series 2 Volume 2
偶,350,Series 2 Volume 2
備,351,Series 2 Volume 2
傷,352,Series 2 Volume 2
傾,353,Series 2 Volume 2
像,354,Series 2 Volume 2
億,355,Series 2 Volume 2
優,356,Series 2 Volume 2
兆,357,Series 2 Volume 2
児,358,Series 2 Volume 2
党,359,Series 2 Volume 2
公,360,Series 2 Volume 2
共,361,Series 2 Volume 2
兵,362,Series 2 Volume 2
具,363,Series 2 Volume 2
冊,364,Series 2 Volume 2
再,365,Series 2 Volume 2
冷,366,Series 2 Volume 2
凍,367,Series 2 Volume 2
処,368,Series 2 Volume 2
刀,369,Series 2 Volume 2
刊,370,Series 2 Volume 2
列,371,Series 2 Volume 2
初,372,Series 2 Volume 2
判,373,Series 2 Volume 2
到,374,Series 2 Volume 2
制,375,Series 2 Volume 2
刷,376,Series 2 Volume 2
券,377,Series 2 Volume 2
刺,378,Series 2 Volume 2
刻,379,Series 2 Volume 2
則,380,Series 2 Volume 2
副,381,Series 2 Volume 2
割,382,Series 2 Volume 2
劇,383,Series 2 Volume 2
功,384,Series 2 Volume 2
加,385,Series 2 Volume 2
助,386,Series 2 Volume 2
努,387,Series 2 Volume 2
労,388,Series 2 Volume 2
効,389,Series 2 Volume 2
勇,390,Series 2 Volume 2
務,391,Series 2 Volume 2
勝,392,Series 2 Volume 2
募,393,Series 2 Volume 2
勢,394,Series 2 Volume 2
勤,395,Series 2 Volume 2
包,396,Series 2 Volume 2
化,397,Series 2 Volume 2
匹,398,Series 2 Volume 2
卒,399,Series 2 Volume 2
協,400,Series 2 Volume 2
単,401,Series 2 Volume 2
占,402,Series 2 Volume 2
印,403,Series 2 Volume 2
危,404,Series 2 Volume 2
卵,405,Series 2 Volume 2
厚,406,Series 2 Volume 2
原,407,Series 2 Volume 2
厳,408,Series 2 Volume 2
参,409,Series 2 Volume 2
双,410,Series 2 Volume 2
反,411,Series 2 Volume 2
収,412,Series 2 Volume 2
受,413,Series 2 Volume 2
句,414,Series 2 Volume 2
叫,415,Series 2 Volume 2
召,416,Series 2 Volume 2
可,417,Series 2 Volume 2
史,418,Series 2 Volume 2
号,419,Series 2 Volume 2
司,420,Series 2 Volume 2
各,421,Series 2 Volume 2
向,422,Series 2 Volume 2
君,423,Series 2 Volume 2
否,424,Series 2 Volume 2
含,425,Series 2 Volume 2
吸,426,Series 2 Volume 2
吹,427,Series 2 Volume 2
告,428,Series 2 Volume 2
周,429,Series 2 Volume 2
呼,430,Series 2 Volume 2
命,431,Series 2 Volume 2
和,432,Series 2 Volume 2
咲,433,Series 2 Volume 2
商,434,Series 2 Volume 2
善,435,Series 2 Volume 2
喜,436,Series 2 Volume 2
喫,437,Series 2 Volume 2
営,438,Series 2 Volume 2
器,439,Series 2 Volume 2
因,440,Series 2 Volume 2
団,441,Series 2 Volume 2
困,442,Series 2 Volume 2
囲,443,Series 2 Volume 2
固,444,Series 2 Volume 2
園,445,Series 2 Volume 2
圧,446,Series 2 Volume 2
在,447,Series 2 Volume 2
坂,448,Series 2 Volume 2
均,449,Series 2 Volume 2
坊,450,Series 2 Volume 2
垂,451,Series 2 Volume 2
型,452,Series 2 Volume 2
埋,453,Series 2 Volume 2
城,454,Series 2 Volume 2
域,455,Series 2 Volume 2
基,456,Series 2 Volume 2
報,457,Series 2 Volume 2
塔,458,Series 2 Volume 2
塗,459,Series 2 Volume 2
塩,460,Series 2 Volume 2
境,461,Series 2 Volume 2
増,462,Series 2 Volume 2
壁,463,Series 2 Volume 2
士,464,Series 2 Volume 2
変,465,Series 2 Volume 2
夢,466,Series 2 Volume 2
夫,467,Series 2 Volume 2
央,468,Series 2 Volume 2
失,469,Series 2 Volume 2
奥,470,Series 2 Volume 2
妻,471,Series 2 Volume 2
姓,472,Series 2 Volume 2
委,473,Series 2 Volume 2
娘,474,Series 2 Volume 2
婚,475,Series 2 Volume 2
婦,476,Series 2 Volume 2
存,477,Series 2 Volume 2
季,478,Series 2 Volume 2
孫,479,Series 2 Volume 2
宅,480,Series 2 Volume 2
宇,481,Series 2 Volume 2
守,482,Series 2 Volume 2
完,483,Series 2 Volume 2
官,484,Series 2 Volume 2
宙,485,Series 2 Volume 2
定,486,Series 2 Volume 2
宝,487,Series 2 Volume 2
実,488,Series 2 Volume 2
客,489,Series 2 Volume 2
宮,490,Series 2 Volume 2
害,491,Series 2 Volume 2
容,492,Series 2 Volume 2
宿,493,Series 2 Volume 2
寄,494,Series 2 Volume 2
富,495,Series 2 Volume 2
寝,496,Series 2 Volume 2
察,497,Series 2 Volume 2
対,498,Series 2 Volume 2
封,499,Series 2 Volume 2
専,500,Series 2 Volume 2
将,501,Series 2 Volume 2
尊,502,Series 2 Volume 2
導,503,Series 2 Volume 2
就,504,Series 2 Volume 2
尾,505,Series 2 Volume 2
局,506,Series 2 Volume 2
居,507,Series 2 Volume 2
届,508,Series 2 Volume 2
展,509,Series 2 Volume 2
層,510,Series 2 Volume 2
岩,511,Series 2 Volume 2
岸,512,Series 2 Volume 2
島,513,Series 2 Volume 2
州,514,Series 2 Volume 2
巨,515,Series 2 Volume 2
差,516,Series 2 Volume 2
己,517,Series 2 Volume 2
巻,518,Series 2 Volume 2
布,519,Series 2 Volume 2
希,520,Series 2 Volume 2
師,521,Series 2 Volume 2
席,522,Series 2 Volume 2
帯,523,Series 2 Volume 2
常,524,Series 2 Volume 2
帽,525,Series 2 Volume 2
幅,526,Series 2 Volume 2
干,527,Series 2 Volume 2
平,528,Series 2 Volume 2
幸,529,Series 2 Volume 2
幼,530,Series 2 Volume 2
庁,531,Series 2 Volume 2
床,532,Series 2 Volume 2
底,533,Series 2 Volume 2
府,534,Series 2 Volume 2
座,535,Series 2 Volume 2
庫,536,Series 2 Volume 2
庭,537,Series 2 Volume 2
康,538,Series 2 Volume 2
延,539,Series 2 Volume 2
式,540,Series 2 Volume 2
張,541,Series 2 Volume 2
当,542,Series 2 Volume 2
形,543,Series 2 Volume 2
役,544,Series 2 Volume 2
彼,545,Series 2 Volume 2
律,546,Series 2 Volume 2
徒,547,Series 2 Volume 2
従,548,Series 2 Volume 2
得,549,Series 2 Volume 2
御,550,Series 2 Volume 2
復,551,Series 2 Volume 2
必,552,Series 2 Volume 2
志,553,Series 2 Volume 2
忘,554,Series 2 Volume 2
忙,555,Series 2 Volume 2
応,556,Series 2 Volume 2
快,557,Series 2 Volume 2
念,558,Series 2 Volume 2
怒,559,Series 2 Volume 2
怖,560,Series 2 Volume 2
性,561,Series 2 Volume 2
恋,562,Series 2 Volume 2
恐,563,Series 2 Volume 2
恥,564,Series 2 Volume 2
息,565,Series 2 Volume 2
恵,566,Series 2 Volume 2
悩,567,Series 2 Volume 2
悲,568,Series 2 Volume 2
情,569,Series 2 Volume 2
想,570,Series 2 Volume 2
愛,571,Series 2 Volume 2
感,572,Series 2 Volume 2
慣,573,Series 2 Volume 2
憎,574,Series 2 Volume 2
成,575,Series 2 Volume 2
戦,576,Series 2 Volume 2
戸,577,Series 2 Volume 2
戻,578,Series 2 Volume 2
才,579,Series 2 Volume 2
打,580,Series 2 Volume 2
払,581,Series 2 Volume 2
批,582,Series 2 Volume 2
承,583,Series 2 Volume 2
技,584,Series 2 Volume 2
投,585,Series 2 Volume 2
折,586,Series 2 Volume 2
抜,587,Series 2 Volume 2
抱,588,Series 2 Volume 2
押,589,Series 2 Volume 2
担,590,Series 2 Volume 2
招,591,Series 2 Volume 2
拝,592,Series 2 Volume 2
拡,593,Series 2 Volume 2
拾,594,Series 2 Volume 2
指,595,Series 2 Volume 2
挟,596,Series 2 Volume 2
捕,597,Series 2 Volume 2
捜,598,Series 2 Volume 2
捨,599,Series 2 Volume 2
掃,600,Series 2 Volume 2
授,601,Series 2 Volume 2
掘,602,Series 2 Volume 2
採,603,Series 2 Volume 2
探,604,Series 2 Volume 2
接,605,Series 2 Volume 2
換,606,Series 2 Volume 2
損,607,Series 2 Volume 2
操,608,Series 2 Volume 2
支,609,Series 2 Volume 2
改,610,Series 2 Volume 2
放,611,Series 2 Volume 2
政,612,Series 2 Volume 2
故,613,Series 2 Volume 2
救,614,Series 2 Volume 2
敗,615,Series 2 Volume 2
散,616,Series 2 Volume 2
敬,617,Series 2 Volume 2
数,618,Series 2 Volume 2
整,619,Series 2 Volume 2
断,620,Series 2 Volume 2
施,621,Series 2 Volume 2
旧,622,Series 2 Volume 2
昇,623,Series 2 Volume 2
易,624,Series 2 Volume 2
昔,625,Series 2 Volume 2
星,626,Series 2 Volume 2
昨,627,Series 2 Volume 2
晩,628,Series 2 Volume 2
普,629,Series 2 Volume 2
景,630,Series 2 Volume 2
晴,631,Series 2 Volume 2
暖,632,Series 2 Volume 2
暮,633,Series 2 Volume 2
暴,634,Series 2 Volume 2
曇,635,Series 2 Volume 2
曲,636,Series 2 Volume 2
更,637,Series 2 Volume 2
替,638,Series 2 Volume 2
望,639,Series 2 Volume 2
期,640,Series 2 Volume 2
未,641,Series 2 Volume 2
末,642,Series 2 Volume 2
札,643,Series 2 Volume 2
材,644,Series 2 Volume 2
束,645,Series 2 Volume 2
条,646,Series 2 Volume 2
杯,647,Series 2 Volume 2
板,648,Series 2 Volume 2
枚,649,Series 2 Volume 2
果,650,Series 2 Volume 2
枝,651,Series 2 Volume 2
枯,652,Series 2 Volume 2
柔,653,Series 2 Volume 2
柱,654,Series 2 Volume 2
査,655,Series 2 Volume 2
栄,656,Series 2 Volume 2
株,657,Series 2 Volume 2
根,658,Series 2 Volume 2
格,659,Series 2 Volume 2
案,660,Series 2 Volume 2
械,661,Series 2 Volume 2
棒,662,Series 2 Volume 2
植,663,Series 2 Volume 2
検,664,Series 2 Volume 2
極,665,Series 2 Volume 2
構,666,Series 2 Volume 2
様,667,Series 2 Volume 2
標,668,Series 2 Volume 2
権,669,Series 2 Volume 2
横,670,Series 2 Volume 2
橋,671,Series 2 Volume 2
機,672,Series 2 Volume 2
欠,673,Series 2 Volume 2
欧,674,Series 2 Volume 2
欲,675,Series 2 Volume 2
武,676,Series 2 Volume 2
歯,677,Series 2 Volume 2
歳,678,Series 2 Volume 2
歴,679,Series 2 Volume 2
残,680,Series 2 Volume 2
段,681,Series 2 Volume 2
殺,682,Series 2 Volume 2
殿,683,Series 2 Volume 2
毒,684,Series 2 Volume 2
比,685,Series 2 Volume 2
毛,686,Series 2 Volume 2
氷,687,Series 2 Volume 2
永,688,Series 2 Volume 2
求,689,Series 2 Volume 2
汗,690,Series 2 Volume 2
汚,691,Series 2 Volume 2
沈,692,Series 2 Volume 2
河,693,Series 2 Volume 2
沸,694,Series 2 Volume 2
油,695,Series 2 Volume 2
治,696,Series 2 Volume 2
沿,697,Series 2 Volume 2
況,698,Series 2 Volume 2
泉,699,Series 2 Volume 2
泊,700,Series 2 Volume 2
法,701,Series 2 Volume 2
波,702,Series 2 Volume 2
泣,703,Series 2 Volume 2
泥,704,Series 2 Volume 2
泳,705,Series 2 Volume 2
活,706,Series 2 Volume 2
流,707,Series 2 Volume 2
浅,708,Series 2 Volume 2
浮,709,Series 2 Volume 2
浴,710,Series 2 Volume 2
消,711,Series 2 Volume 2
涙,712,Series 2 Volume 2
液,713,Series 2 Volume 2
涼,714,Series 2 Volume 2
深,715,Series 2 Volume 2
混,716,Series 2 Volume 2
清,717,Series 2 Volume 2
済,718,Series 2 Volume 2
減,719,Series 2 Volume 2
渡,720,Series 2 Volume 2
温,721,Series 2 Volume 2
測,722,Series 2 Volume 2
港,723,Series 2 Volume 2
湖,724,Series 2 Volume 2
湯,725,Series 2 Volume 2
湾,726,Series 2 Volume 2
湿,727,Series 2 Volume 2
満,728,Series 2 Volume 2
準,729,Series 2 Volume 2
溶,730,Series 2 Volume 2
滴,731,Series 2 Volume 2
漁,732,Series 2 Volume 2
演,733,Series 2 Volume 2
濃,734,Series 2 Volume 2
濯,735,Series 2 Volume 2
灯,736,Series 2 Volume 2
灰,737,Series 2 Volume 2
炭,738,Series 2 Volume 2
点,739,Series 2 Volume 2
無,740,Series 2 Volume 2
然,741,Series 2 Volume 2
焼,742,Series 2 Volume 2
煙,743,Series 2 Volume 2
照,744,Series 2 Volume 2
熱,745,Series 2 Volume 2
燃,746,Series 2 Volume 2
燥,747,Series 2 Volume 2
爆,748,Series 2 Volume 2
片,749,Series 2 Volume 2
版,750,Series 2 Volume 2
犯,751,Series 2 Volume 2
状,752,Series 2 Volume 2
独,753,Series 2 Volume 2
狭,754,Series 2 Volume 2
猫,755,Series 2 Volume 2
率,756,Series 2 Volume 2
玉,757,Series 2 Volume 2
王,758,Series 2 Volume 2
珍,759,Series 2 Volume 2
現,760,Series 2 Volume 2
球,761,Series 2 Volume 2
環,762,Series 2 Volume 2
甘,763,Series 2 Volume 2
由,764,Series 2 Volume 2
申,765,Series 2 Volume 2
畑,766,Series 2 Volume 2
留,767,Series 2 Volume 2
畜,768,Series 2 Volume 2
略,769,Series 2 Volume 2
番,770,Series 2 Volume 2
異,771,Series 2 Volume 2
畳,772,Series 2 Volume 2
疑,773,Series 2 Volume 2
疲,774,Series 2 Volume 2
痛,775,Series 2 Volume 2
療,776,Series 2 Volume 2
登,777,Series 2 Volume 2
的,778,Series 2 Volume 2
皆,779,Series 2 Volume 2
皮,780,Series 2 Volume 2
皿,781,Series 2 Volume 2
盗,782,Series 2 Volume 2
直,783,Series 2 Volume 2
相,784,Series 2 Volume 2
省,785,Series 2 Volume 2
看,786,Series 2 Volume 2
眠,787,Series 2 Volume 2
砂,788,Series 2 Volume 2
破,789,Series 2 Volume 2
硬,790,Series 2 Volume 2
確,791,Series 2 Volume 2
磨,792,Series 2 Volume 2
示,793,Series 2 Volume 2
礼,794,Series 2 Volume 2
祈,795,Series 2 Volume 2
祖,796,Series 2 Volume 2
祝,797,Series 2 Volume 2
神,798,Series 2 Volume 2
祭,799,Series 2 Volume 2
禁,800,Series 2 Volume 2
福,801,Series 2 Volume 2
科,802,Series 2 Volume 2
秒,803,Series 2 Volume 2
移,804,Series 2 Volume 2
程,805,Series 2 Volume 2
税,806,Series 2 Volume 2
種,807,Series 2 Volume 2
積,808,Series 2 Volume 2
突,809,Series 2 Volume 2
窓,810,Series 2 Volume 2
章,811,Series 2 Volume 2
童,812,Series 2 Volume 2
競,813,Series 2 Volume 2
笑,814,Series 2 Volume 2
符,815,Series 2 Volume 2
第,816,Series 2 Volume 2
筆,817,Series 2 Volume 2
等,818,Series 2 Volume 2
筒,819,Series 2 Volume 2
策,820,Series 2 Volume 2
算,821,Series 2 Volume 2
管,822,Series 2 Volume 2
箱,823,Series 2 Volume 2
節,824,Series 2 Volume 2
築,825,Series 2 Volume 2
簡,826,Series 2 Volume 2
粉,827,Series 2 Volume 2
粒,828,Series 2 Volume 2
精,829,Series 2 Volume 2
約,830,Series 2 Volume 2
紅,831,Series 2 Volume 2
純,832,Series 2 Volume 2
級,833,Series 2 Volume 2
細,834,Series 2 Volume 2
紹,835,Series 2 Volume 2
組,836,Series 2 Volume 2
経,837,Series 2 Volume 2
結,838,Series 2 Volume 2
絡,839,Series 2 Volume 2
給,840,Series 2 Volume 2
絵,841,Series 2 Volume 2
絶,842,Series 2 Volume 2
続,843,Series 2 Volume 2
綿,844,Series 2 Volume 2
総,845,Series 2 Volume 2
緑,846,Series 2 Volume 2
緒,847,Series 2 Volume 2
線,848,Series 2 Volume 2
編,849,Series 2 Volume 2
練,850,Series 2 Volume 2
績,851,Series 2 Volume 2
罪,852,Series 2 Volume 2
置,853,Series 2 Volume 2
署,854,Series 2 Volume 2
美,855,Series 2 Volume 2
群,856,Series 2 Volume 2
羽,857,Series 2 Volume 2
翌,858,Series 2 Volume 2
老,859,Series 2 Volume 2
耕,860,Series 2 Volume 2
職,861,Series 2 Volume 2
肌,862,Series 2 Volume 2
肩,863,Series 2 Volume 2
肯,864,Series 2 Volume 2
育,865,Series 2 Volume 2
胃,866,Series 2 Volume 2
背,867,Series 2 Volume 2
胸,868,Series 2 Volume 2
能,869,Series 2 Volume 2
脂,870,Series 2 Volume 2
脳,871,Series 2 Volume 2
腕,872,Series 2 Volume 2
腰,873,Series 2 Volume 2
腹,874,Series 2 Volume 2
膚,875,Series 2 Volume 2
臓,876,Series 2 Volume 2
臣,877,Series 2 Volume 2
至,878,Series 2 Volume 2
致,879,Series 2 Volume 2
舞,880,Series 2 Volume 2
舟,881,Series 2 Volume 2
航,882,Series 2 Volume 2
般,883,Series 2 Volume 2
船,884,Series 2 Volume 2
良,885,Series 2 Volume 2
芸,886,Series 2 Volume 2
若,887,Series 2 Volume 2
苦,888,Series 2 Volume 2
草,889,Series 2 Volume 2
荒,890,Series 2 Volume 2
荷,891,Series 2 Volume 2
菓,892,Series 2 Volume 2
落,893,Series 2 Volume 2
葉,894,Series 2 Volume 2
著,895,Series 2 Volume 2
蒸,896,Series 2 Volume 2
蔵,897,Series 2 Volume 2
薄,898,Series 2 Volume 2
虫,899,Series 2 Volume 2
血,900,Series 2 Volume 2
術,901,Series 2 Volume 2
衣,902,Series 2 Volume 2
表,903,Series 2 Volume 2
袋,904,Series 2 Volume 2
被,905,Series 2 Volume 2
装,906,Series 2 Volume 2
裏,907,Series 2 Volume 2
補,908,Series 2 Volume 2
製,909,Series 2 Volume 2
複,910,Series 2 Volume 2
要,911,Series 2 Volume 2
規,912,Series 2 Volume 2
覚,913,Series 2 Volume 2
覧,914,Series 2 Volume 2
観,915,Series 2 Volume 2
角,916,Series 2 Volume 2
解,917,Series 2 Volume 2
触,918,Series 2 Volume 2
訓,919,Series 2 Volume 2
記,920,Series 2 Volume 2
訪,921,Series 2 Volume 2
設,922,Series 2 Volume 2
許,923,Series 2 Volume 2
訳,924,Series 2 Volume 2
評,925,Series 2 Volume 2
詞,926,Series 2 Volume 2
詰,927,Series 2 Volume 2
誌,928,Series 2 Volume 2
認,929,Series 2 Volume 2
誕,930,Series 2 Volume 2
誤,931,Series 2 Volume 2
課,932,Series 2 Volume 2
調,933,Series 2 Volume 2
談,934,Series 2 Volume 2
論,935,Series 2 Volume 2
諸,936,Series 2 Volume 2
講,937,Series 2 Volume 2
識,938,Series 2 Volume 2
警,939,Series 2 Volume 2
議,940,Series 2 Volume 2
谷,941,Series 2 Volume 2
豆,942,Series 2 Volume 2
豊,943,Series 2 Volume 2
象,944,Series 2 Volume 2
貝,945,Series 2 Volume 2
負,946,Series 2 Volume 2
財,947,Series 2 Volume 2
貧,948,Series 2 Volume 2
貨,949,Series 2 Volume 2
販,950,Series 2 Volume 2
責,951,Series 2 Volume 2
貯,952,Series 2 Volume 2
費,953,Series 2 Volume 2
貿,954,Series 2 Volume 2
賃,955,Series 2 Volume 2
資,956,Series 2 Volume 2
賛,957,Series 2 Volume 2
賞,958,Series 2 Volume 2
賢,959,Series 2 Volume 2
贈,960,Series 2 Volume 2
超,961,Series 2 Volume 2
越,962,Series 2 Volume 2
路,963,Series 2 Volume 2
踊,964,Series 2 Volume 2
身,965,Series 2 Volume 2
軍,966,Series 2 Volume 2
軒,967,Series 2 Volume 2
軟,968,Series 2 Volume 2
較,969,Series 2 Volume 2
輪,970,Series 2 Volume 2
輸,971,Series 2 Volume 2
辛,972,Series 2 Volume 2
辞,973,Series 2 Volume 2
農,974,Series 2 Volume 2
辺,975,Series 2 Volume 2
込,976,Series 2 Volume 2
迎,977,Series 2 Volume 2
返,978,Series 2 Volume 2
述,979,Series 2 Volume 2
迷,980,Series 2 Volume 2
追,981,Series 2 Volume 2
退,982,Series 2 Volume 2
逃,983,Series 2 Volume 2
逆,984,Series 2 Volume 2
途,985,Series 2 Volume 2
速,986,Series 2 Volume 2
造,987,Series 2 Volume 2
連,988,Series 2 Volume 2
遅,989,Series 2 Volume 2
遊,990,Series 2 Volume 2
過,991,Series 2 Volume 2
達,992,Series 2 Volume 2
違,993,Series 2 Volume 2
適,994,Series 2 Volume 2
選,995,Series 2 Volume 2
郊,996,Series 2 Volume 2
郵,997,Series 2 Volume 2
配,998,Series 2 Volume 2
酒,999,Series 2 Volume 2
里,1000,Series 2 Volume 2
量,1001,Series 2 Volume 2
針,1002,Series 2 Volume 2
鈍,1003,Series 2 Volume 2
鉄,1004,Series 2 Volume 2
鉱,1005,Series 2 Volume 2
銅,1006,Series 2 Volume 2
鋭,1007,Series 2 Volume 2
録,1008,Series 2 Volume 2
関,1009,Series 2 Volume 2
防,1010,Series 2 Volume 2
降,1011,Series 2 Volume 2
限,1012,Series 2 Volume 2
除,1013,Series 2 Volume 2
陸,1014,Series 2 Volume 2
険,1015,Series 2 Volume 2
陽,1016,Series 2 Volume 2
隅,1017,Series 2 Volume 2
階,1018,Series 2 Volume 2
際,1019,Series 2 Volume 2
雇,1020,Series 2 Volume 2
雑,1021,Series 2 Volume 2
難,1022,Series 2 Volume 2
雪,1023,Series 2 Volume 2
雲,1024,Series 2 Volume 2
零,1025,Series 2 Volume 2
震,1026,Series 2 Volume 2
静,1027,Series 2 Volume 2
非,1028,Series 2 Volume 2
面,1029,Series 2 Volume 2
革,1030,Series 2 Volume 2
靴,1031,Series 2 Volume 2
頂,1032,Series 2 Volume 2
順,1033,Series 2 Volume 2
預,1034,Series 2 Volume 2
領,1035,Series 2 Volume 2
頼,1036,Series 2 Volume 2
額,1037,Series 2 Volume 2
願,1038,Series 2 Volume 2
類,1039,Series 2 Volume 2
飛,1040,Series 2 Volume 2
香,1041,Series 2 Volume 2
駐,1042,Series 2 Volume 2
驚,1043,Series 2 Volume 2
骨,1044,Series 2 Volume 2
髪,1045,Series 2 Volume 2
鳴,1046,Series 2 Volume 2
麦,1047,Series 2 Volume 2
黄,1048,Series 2 Volume 2
鼻,1049,Series 2 Volume 2
齢,1050,Series 2 Volume 2
丁,1051,Series 2 Volume 3
丈,1052,Series 2 Volume 3
丘,1053,Series 2 Volume 3
丙,1054,Series 2 Volume 3
丹,1055,Series 2 Volume 3
乏,1056,Series 2 Volume 3
乙,1057,Series 2 Volume 3
井,1058,Series 2 Volume 3
亜,1059,Series 2 Volume 3
享,1060,Series 2 Volume 3
亭,1061,Series 2 Volume 3
仁,1062,Series 2 Volume 3
仙,1063,Series 2 Volume 3
仰,1064,Series 2 Volume 3
伏,1065,Series 2 Volume 3
伐,1066,Series 2 Volume 3
伯,1067,Series 2 Volume 3
佐,1068,Series 2 Volume 3
佳,1069,Series 2 Volume 3
併,1070,Series 2 Volume 3
侍,1071,Series 2 Volume 3
侮,1072,Series 2 Volume 3
侵,1073,Series 2 Volume 3
俊,1074,Series 2 Volume 3
俗,1075,Series 2 Volume 3
俳,1076,Series 2 Volume 3
俵,1077,Series 2 Volume 3
俸,1078,Series 2 Volume 3
倉,1079,Series 2 Volume 3
倣,1080,Series 2 Volume 3
倫,1081,Series 2 Volume 3
倹,1082,Series 2 Volume 3
偏,1083,Series 2 Volume 3
偵,1084,Series 2 Volume 3
偽,1085,Series 2 Volume 3
傍,1086,Series 2 Volume 3
傑,1087,Series 2 Volume 3
傘,1088,Series 2 Volume 3
催,1089,Series 2 Volume 3
債,1090,Series 2 Volume 3
僕,1091,Series 2 Volume 3
僚,1092,Series 2 Volume 3
僧,1093,Series 2 Volume 3
儀,1094,Series 2 Volume 3
儒,1095,Series 2 Volume 3
償,1096,Series 2 Volume 3
充,1097,Series 2 Volume 3
克,1098,Series 2 Volume 3
免,1099,Series 2 Volume 3
典,1100,Series 2 Volume 3
兼,1101,Series 2 Volume 3
冒,1102,Series 2 Volume 3
冗,1103,Series 2 Volume 3
冠,1104,Series 2 Volume 3
准,1105,Series 2 Volume 3
凝,1106,Series 2 Volume 3
凡,1107,Series 2 Volume 3
凶,1108,Series 2 Volume 3
凸,1109,Series 2 Volume 3
凹,1110,Series 2 Volume 3
刃,1111,Series 2 Volume 3
刈,1112,Series 2 Volume 3
刑,1113,Series 2 Volume 3
削,1114,Series 2 Volume 3
剖,1115,Series 2 Volume 3
剛,1116,Series 2 Volume 3
剣,1117,Series 2 Volume 3
剤,1118,Series 2 Volume 3
剰,1119,Series 2 Volume 3
創,1120,Series 2 Volume 3
劣,1121,Series 2 Volume 3
励,1122,Series 2 Volume 3
劾,1123,Series 2 Volume 3
勅,1124,Series 2 Volume 3
勘,1125,Series 2 Volume 3
勧,1126,Series 2 Volume 3
勲,1127,Series 2 Volume 3
匠,1128,Series 2 Volume 3
匿,1129,Series 2 Volume 3
升,1130,Series 2 Volume 3
卑,1131,Series 2 Volume 3
卓,1132,Series 2 Volume 3
博,1133,Series 2 Volume 3
即,1134,Series 2 Volume 3
却,1135,Series 2 Volume 3
卸,1136,Series 2 Volume 3
厄,1137,Series 2 Volume 3
厘,1138,Series 2 Volume 3
又,1139,Series 2 Volume 3
及,1140,Series 2 Volume 3
叔,1141,Series 2 Volume 3
叙,1142,Series 2 Volume 3
吉,1143,Series 2 Volume 3
后,1144,Series 2 Volume 3
吏,1145,Series 2 Volume 3
吐,1146,Series 2 Volume 3
吟,1147,Series 2 Volume 3
呈,1148,Series 2 Volume 3
呉,1149,Series 2 Volume 3
哀,1150,Series 2 Volume 3
哲,1151,Series 2 Volume 3
唆,1152,Series 2 Volume 3
唇,1153,Series 2 Volume 3
唐,1154,Series 2 Volume 3
唯,1155,Series 2 Volume 3
唱,1156,Series 2 Volume 3
啓,1157,Series 2 Volume 3
喚,1158,Series 2 Volume 3
喝,1159,Series 2 Volume 3
喪,1160,Series 2 Volume 3
嗣,1161,Series 2 Volume 3
嘆,1162,Series 2 Volume 3
嘱,1163,Series 2 Volume 3
噴,1164,Series 2 Volume 3
囚,1165,Series 2 Volume 3
圏,1166,Series 2 Volume 3
坑,1167,Series 2 Volume 3
坪,1168,Series 2 Volume 3
垣,1169,Series 2 Volume 3
執,1170,Series 2 Volume 3
培,1171,Series 2 Volume 3
堀,1172,Series 2 Volume 3
堅,1173,Series 2 Volume 3
堕,1174,Series 2 Volume 3
堤,1175,Series 2 Volume 3
堪,1176,Series 2 Volume 3
塀,1177,Series 2 Volume 3
塁,1178,Series 2 Volume 3
塊,1179,Series 2 Volume 3
塑,1180,Series 2 Volume 3
塚,1181,Series 2 Volume 3
塾,1182,Series 2 Volume 3
墓,1183,Series 2 Volume 3
墜,1184,Series 2 Volume 3
墨,1185,Series 2 Volume 3
墳,1186,Series 2 Volume 3
墾,1187,Series 2 Volume 3
壇,1188,Series 2 Volume 3
壊,1189,Series 2 Volume 3
壌,1190,Series 2 Volume 3
壮,1191,Series 2 Volume 3
壱,1192,Series 2 Volume 3
奇,1193,Series 2 Volume 3
奉,1194,Series 2 Volume 3
奏,1195,Series 2 Volume 3
契,1196,Series 2 Volume 3
奔,1197,Series 2 Volume 3
奨,1198,Series 2 Volume 3
奪,1199,Series 2 Volume 3
奮,1200,Series 2 Volume 3
如,1201,Series 2 Volume 3
妃,1202,Series 2 Volume 3
妄,1203,Series 2 Volume 3
妊,1204,Series 2 Volume 3
妙,1205,Series 2 Volume 3
妥,1206,Series 2 Volume 3
妨,1207,Series 2 Volume 3
姫,1208,Series 2 Volume 3
姻,1209,Series 2 Volume 3
姿,1210,Series 2 Volume 3
威,1211,Series 2 Volume 3
娠,1212,Series 2 Volume 3
娯,1213,Series 2 Volume 3
婿,1214,Series 2 Volume 3
媒,1215,Series 2 Volume 3
嫁,1216,Series 2 Volume 3
嫌,1217,Series 2 Volume 3
嫡,1218,Series 2 Volume 3
嬢,1219,Series 2 Volume 3
孔,1220,Series 2 Volume 3
孝,1221,Series 2 Volume 3
孤,1222,Series 2 Volume 3
宗,1223,Series 2 Volume 3
宜,1224,Series 2 Volume 3
宣,1225,Series 2 Volume 3
宰,1226,Series 2 Volume 3
宴,1227,Series 2 Volume 3
宵,1228,Series 2 Volume 3
寂,1229,Series 2 Volume 3
密,1230,Series 2 Volume 3
寛,1231,Series 2 Volume 3
寡,1232,Series 2 Volume 3
寧,1233,Series 2 Volume 3
審,1234,Series 2 Volume 3
寮,1235,Series 2 Volume 3
寸,1236,Series 2 Volume 3
寿,1237,Series 2 Volume 3
射,1238,Series 2 Volume 3
尉,1239,Series 2 Volume 3
尋,1240,Series 2 Volume 3
尚,1241,Series 2 Volume 3
尺,1242,Series 2 Volume 3
尼,1243,Series 2 Volume 3
尽,1244,Series 2 Volume 3
尿,1245,Series 2 Volume 3
屈,1246,Series 2 Volume 3
属,1247,Series 2 Volume 3
履,1248,Series 2 Volume 3
屯,1249,Series 2 Volume 3
岐,1250,Series 2 Volume 3
岬,1251,Series 2 Volume 3
岳,1252,Series 2 Volume 3
峠,1253,Series 2 Volume 3
峡,1254,Series 2 Volume 3
峰,1255,Series 2 Volume 3
崇,1256,Series 2 Volume 3
崎,1257,Series 2 Volume 3
崩,1258,Series 2 Volume 3
巡,1259,Series 2 Volume 3
巣,1260,Series 2 Volume 3
巧,1261,Series 2 Volume 3
帆,1262,Series 2 Volume 3
帝,1263,Series 2 Volume 3
帳,1264,Series 2 Volume 3
幕,1265,Series 2 Volume 3
幣,1266,Series 2 Volume 3
幹,1267,Series 2 Volume 3
幻,1268,Series 2 Volume 3
幽,1269,Series 2 Volume 3
幾,1270,Series 2 Volume 3
序,1271,Series 2 Volume 3
庶,1272,Series 2 Volume 3
庸,1273,Series 2 Volume 3
廃,1274,Series 2 Volume 3
廉,1275,Series 2 Volume 3
廊,1276,Series 2 Volume 3
廷,1277,Series 2 Volume 3
弁,1278,Series 2 Volume 3
弊,1279,Series 2 Volume 3
弐,1280,Series 2 Volume 3
弓,1281,Series 2 Volume 3
弔,1282,Series 2 Volume 3
弦,1283,Series 2 Volume 3
弧,1284,Series 2 Volume 3
弾,1285,Series 2 Volume 3
彩,1286,Series 2 Volume 3
彫,1287,Series 2 Volume 3
彰,1288,Series 2 Volume 3
影,1289,Series 2 Volume 3
往,1290,Series 2 Volume 3
征,1291,Series 2 Volume 3
径,1292,Series 2 Volume 3
徐,1293,Series 2 Volume 3
循,1294,Series 2 Volume 3
微,1295,Series 2 Volume 3
徳,1296,Series 2 Volume 3
徴,1297,Series 2 Volume 3
徹,1298,Series 2 Volume 3
忌,1299,Series 2 Volume 3
忍,1300,Series 2 Volume 3
忠,1301,Series 2 Volume 3
怠,1302,Series 2 Volume 3
怪,1303,Series 2 Volume 3
恒,1304,Series 2 Volume 3
恨,1305,Series 2 Volume 3
恩,1306,Series 2 Volume 3
恭,1307,Series 2 Volume 3
悔,1308,Series 2 Volume 3
悟,1309,Series 2 Volume 3
悠,1310,Series 2 Volume 3
患,1311,Series 2 Volume 3
悦,1312,Series 2 Volume 3
悼,1313,Series 2 Volume 3
惑,1314,Series 2 Volume 3
惜,1315,Series 2 Volume 3
惨,1316,Series 2 Volume 3
惰,1317,Series 2 Volume 3
愁,1318,Series 2 Volume 3
愉,1319,Series 2 Volume 3
愚,1320,Series 2 Volume 3
慈,1321,Series 2 Volume 3
態,1322,Series 2 Volume 3
慌,1323,Series 2 Volume 3
慎,1324,Series 2 Volume 3
慕,1325,Series 2 Volume 3
慢,1326,Series 2 Volume 3
慨,1327,Series 2 Volume 3
慮,1328,Series 2 Volume 3
慰,1329,Series 2 Volume 3
慶,1330,Series 2 Volume 3
憂,1331,Series 2 Volume 3
憤,1332,Series 2 Volume 3
憩,1333,Series 2 Volume 3
憲,1334,Series 2 Volume 3
憶,1335,Series 2 Volume 3
憾,1336,Series 2 Volume 3
懇,1337,Series 2 Volume 3
懐,1338,Series 2 Volume 3
懲,1339,Series 2 Volume 3
懸,1340,Series 2 Volume 3
我,1341,Series 2 Volume 3
戒,1342,Series 2 Volume 3
戯,1343,Series 2 Volume 3
房,1344,Series 2 Volume 3
扇,1345,Series 2 Volume 3
扉,1346,Series 2 Volume 3
扱,1347,Series 2 Volume 3
扶,1348,Series 2 Volume 3
抄,1349,Series 2 Volume 3
把,1350,Series 2 Volume 3
抑,1351,Series 2 Volume 3
抗,1352,Series 2 Volume 3
択,1353,Series 2 Volume 3
披,1354,Series 2 Volume 3
抵,1355,Series 2 Volume 3
抹,1356,Series 2 Volume 3
抽,1357,Series 2 Volume 3
拍,1358,Series 2 Volume 3
拐,1359,Series 2 Volume 3
拒,1360,Series 2 Volume 3
拓,1361,Series 2 Volume 3
拘,1362,Series 2 Volume 3
拙,1363,Series 2 Volume 3
拠,1364,Series 2 Volume 3
括,1365,Series 2 Volume 3
拷,1366,Series 2 Volume 3
挑,1367,Series 2 Volume 3
挙,1368,Series 2 Volume 3
振,1369,Series 2 Volume 3
挿,1370,Series 2 Volume 3
据,1371,Series 2 Volume 3
掌,1372,Series 2 Volume 3
排,1373,Series 2 Volume 3
掛,1374,Series 2 Volume 3
控,1375,Series 2 Volume 3
推,1376,Series 2 Volume 3
措,1377,Series 2 Volume 3
掲,1378,Series 2 Volume 3
描,1379,Series 2 Volume 3
提,1380,Series 2 Volume 3
揚,1381,Series 2 Volume 3
握,1382,Series 2 Volume 3
揮,1383,Series 2 Volume 3
援,1384,Series 2 Volume 3
揺,1385,Series 2 Volume 3
搬,1386,Series 2 Volume 3
搭,1387,Series 2 Volume 3
携,1388,Series 2 Volume 3
搾,1389,Series 2 Volume 3
摂,1390,Series 2 Volume 3
摘,1391,Series 2 Volume 3
摩,1392,Series 2 Volume 3
撃,1393,Series 2 Volume 3
撤,1394,Series 2 Volume 3
撮,1395,Series 2 Volume 3
撲,1396,Series 2 Volume 3
擁,1397,Series 2 Volume 3
擦,1398,Series 2 Volume 3
擬,1399,Series 2 Volume 3
攻,1400,Series 2 Volume 3
敏,1401,Series 2 Volume 3
敢,1402,Series 2 Volume 3
敵,1403,Series 2 Volume 3
敷,1404,Series 2 Volume 3
斉,1405,Series 2 Volume 3
斎,1406,Series 2 Volume 3
斗,1407,Series 2 Volume 3
斜,1408,Series 2 Volume 3
斤,1409,Series 2 Volume 3
斥,1410,Series 2 Volume 3
旋,1411,Series 2 Volume 3
旗,1412,Series 2 Volume 3
既,1413,Series 2 Volume 3
旨,1414,Series 2 Volume 3
旬,1415,Series 2 Volume 3
昆,1416,Series 2 Volume 3
昭,1417,Series 2 Volume 3
是,1418,Series 2 Volume 3
晶,1419,Series 2 Volume 3
暁,1420,Series 2 Volume 3
暇,1421,Series 2 Volume 3
暦,1422,Series 2 Volume 3
暫,1423,Series 2 Volume 3
曹,1424,Series 2 Volume 3
朗,1425,Series 2 Volume 3
朱,1426,Series 2 Volume 3
朴,1427,Series 2 Volume 3
朽,1428,Series 2 Volume 3
杉,1429,Series 2 Volume 3
松,1430,Series 2 Volume 3
析,1431,Series 2 Volume 3
枠,1432,Series 2 Volume 3
枢,1433,Series 2 Volume 3
架,1434,Series 2 Volume 3
柄,1435,Series 2 Volume 3
某,1436,Series 2 Volume 3
染,1437,Series 2 Volume 3
柳,1438,Series 2 Volume 3
栓,1439,Series 2 Volume 3
核,1440,Series 2 Volume 3
栽,1441,Series 2 Volume 3
桃,1442,Series 2 Volume 3
桑,1443,Series 2 Volume 3
桜,1444,Series 2 Volume 3
桟,1445,Series 2 Volume 3
梅,1446,Series 2 Volume 3
棄,1447,Series 2 Volume 3
棋,1448,Series 2 Volume 3
棚,1449,Series 2 Volume 3
棟,1450,Series 2 Volume 3
棺,1451,Series 2 Volume 3
楼,1452,Series 2 Volume 3
概,1453,Series 2 Volume 3
槽,1454,Series 2 Volume 3
模,1455,Series 2 Volume 3
樹,1456,Series 2 Volume 3
欄,1457,Series 2 Volume 3
欺,1458,Series 2 Volume 3
款,1459,Series 2 Volume 3
歓,1460,Series 2 Volume 3
殉,1461,Series 2 Volume 3
殊,1462,Series 2 Volume 3
殖,1463,Series 2 Volume 3
殴,1464,Series 2 Volume 3
殻,1465,Series 2 Volume 3
氏,1466,Series 2 Volume 3
汁,1467,Series 2 Volume 3
江,1468,Series 2 Volume 3
汽,1469,Series 2 Volume 3
沖,1470,Series 2 Volume 3
没,1471,Series 2 Volume 3
沢,1472,Series 2 Volume 3
沼,1473,Series 2 Volume 3
泌,1474,Series 2 Volume 3
泡,1475,Series 2 Volume 3
泰,1476,Series 2 Volume 3
洞,1477,Series 2 Volume 3
津,1478,Series 2 Volume 3
洪,1479,Series 2 Volume 3
派,1480,Series 2 Volume 3
浄,1481,Series 2 Volume 3
浜,1482,Series 2 Volume 3
浦,1483,Series 2 Volume 3
浪,1484,Series 2 Volume 3
浸,1485,Series 2 Volume 3
涯,1486,Series 2 Volume 3
淑,1487,Series 2 Volume 3
淡,1488,Series 2 Volume 3
添,1489,Series 2 Volume 3
渇,1490,Series 2 Volume 3
渉,1491,Series 2 Volume 3
渋,1492,Series 2 Volume 3
渓,1493,Series 2 Volume 3
渦,1494,Series 2 Volume 3
源,1495,Series 2 Volume 3
溝,1496,Series 2 Volume 3
滅,1497,Series 2 Volume 3
滋,1498,Series 2 Volume 3
滑,1499,Series 2 Volume 3
滝,1500,Series 2 Volume 3
滞,1501,Series 2 Volume 3
漂,1502,Series 2 Volume 3
漆,1503,Series 2 Volume 3
漏,1504,Series 2 Volume 3
漠,1505,Series 2 Volume 3
漫,1506,Series 2 Volume 3
漬,1507,Series 2 Volume 3
漸,1508,Series 2 Volume 3
潔,1509,Series 2 Volume 3
潜,1510,Series 2 Volume 3
潟,1511,Series 2 Volume 3
潤,1512,Series 2 Volume 3
潮,1513,Series 2 Volume 3
澄,1514,Series 2 Volume 3
激,1515,Series 2 Volume 3
濁,1516,Series 2 Volume 3
濫,1517,Series 2 Volume 3
瀬,1518,Series 2 Volume 3
災,1519,Series 2 Volume 3
炉,1520,Series 2 Volume 3
炊,1521,Series 2 Volume 3
炎,1522,Series 2 Volume 3
為,1523,Series 2 Volume 3
烈,1524,Series 2 Volume 3
焦,1525,Series 2 Volume 3
煩,1526,Series 2 Volume 3
煮,1527,Series 2 Volume 3
熟,1528,Series 2 Volume 3
牧,1529,Series 2 Volume 3
牲,1530,Series 2 Volume 3
犠,1531,Series 2 Volume 3
狂,1532,Series 2 Volume 3
狩,1533,Series 2 Volume 3
猛,1534,Series 2 Volume 3
猟,1535,Series 2 Volume 3
献,1536,Series 2 Volume 3
猶,1537,Series 2 Volume 3
猿,1538,Series 2 Volume 3
獄,1539,Series 2 Volume 3
獣,1540,Series 2 Volume 3
獲,1541,Series 2 Volume 3
玄,1542,Series 2 Volume 3
珠,1543,Series 2 Volume 3
班,1544,Series 2 Volume 3
琴,1545,Series 2 Volume 3
璽,1546,Series 2 Volume 3
瓶,1547,Series 2 Volume 3
甚,1548,Series 2 Volume 3
甲,1549,Series 2 Volume 3
畔,1550,Series 2 Volume 3
疎,1551,Series 2 Volume 3
疫,1552,Series 2 Volume 3
疾,1553,Series 2 Volume 3
症,1554,Series 2 Volume 3
痘,1555,Series 2 Volume 3
痢,1556,Series 2 Volume 3
痴,1557,Series 2 Volume 3
癒,1558,Series 2 Volume 3
癖,1559,Series 2 Volume 3
皇,1560,Series 2 Volume 3
盆,1561,Series 2 Volume 3
益,1562,Series 2 Volume 3
盛,1563,Series 2 Volume 3
盟,1564,Series 2 Volume 3
監,1565,Series 2 Volume 3
盤,1566,Series 2 Volume 3
盲,1567,Series 2 Volume 3
盾,1568,Series 2 Volume 3
眺,1569,Series 2 Volume 3
眼,1570,Series 2 Volume 3
睡,1571,Series 2 Volume 3
督,1572,Series 2 Volume 3
瞬,1573,Series 2 Volume 3
矛,1574,Series 2 Volume 3
矢,1575,Series 2 Volume 3
矯,1576,Series 2 Volume 3
砕,1577,Series 2 Volume 3
砲,1578,Series 2 Volume 3
硝,1579,Series 2 Volume 3
硫,1580,Series 2 Volume 3
碁,1581,Series 2 Volume 3
碑,1582,Series 2 Volume 3
磁,1583,Series 2 Volume 3
礁,1584,Series 2 Volume 3
礎,1585,Series 2 Volume 3
祉,1586,Series 2 Volume 3
祥,1587,Series 2 Volume 3
票,1588,Series 2 Volume 3
禅,1589,Series 2 Volume 3
禍,1590,Series 2 Volume 3
秀,1591,Series 2 Volume 3
秘,1592,Series 2 Volume 3
租,1593,Series 2 Volume 3
秩,1594,Series 2 Volume 3
称,1595,Series 2 Volume 3
稚,1596,Series 2 Volume 3
稲,1597,Series 2 Volume 3
稼,1598,Series 2 Volume 3
稿,1599,Series 2 Volume 3
穀,1600,Series 2 Volume 3
穂,1601,Series 2 Volume 3
穏,1602,Series 2 Volume 3
穫,1603,Series 2 Volume 3
穴,1604,Series 2 Volume 3
窃,1605,Series 2 Volume 3
窒,1606,Series 2 Volume 3
窮,1607,Series 2 Volume 3
窯,1608,Series 2 Volume 3
竜,1609,Series 2 Volume 3
端,1610,Series 2 Volume 3
笛,1611,Series 2 Volume 3
筋,1612,Series 2 Volume 3
箇,1613,Series 2 Volume 3
範,1614,Series 2 Volume 3
篤,1615,Series 2 Volume 3
簿,1616,Series 2 Volume 3
籍,1617,Series 2 Volume 3
粋,1618,Series 2 Volume 3
粗,1619,Series 2 Volume 3
粘,1620,Series 2 Volume 3
粛,1621,Series 2 Volume 3
粧,1622,Series 2 Volume 3
糖,1623,Series 2 Volume 3
糧,1624,Series 2 Volume 3
系,1625,Series 2 Volume 3
糾,1626,Series 2 Volume 3
紀,1627,Series 2 Volume 3
紋,1628,Series 2 Volume 3
納,1629,Series 2 Volume 3
紛,1630,Series 2 Volume 3
素,1631,Series 2 Volume 3
紡,1632,Series 2 Volume 3
索,1633,Series 2 Volume 3
紫,1634,Series 2 Volume 3
累,1635,Series 2 Volume 3
紳,1636,Series 2 Volume 3
紺,1637,Series 2 Volume 3
絞,1638,Series 2 Volume 3
統,1639,Series 2 Volume 3
絹,1640,Series 2 Volume 3
継,1641,Series 2 Volume 3
維,1642,Series 2 Volume 3
綱,1643,Series 2 Volume 3
網,1644,Series 2 Volume 3
緊,1645,Series 2 Volume 3
締,1646,Series 2 Volume 3
緩,1647,Series 2 Volume 3
緯,1648,Series 2 Volume 3
縁,1649,Series 2 Volume 3
縄,1650,Series 2 Volume 3
縛,1651,Series 2 Volume 3
縦,1652,Series 2 Volume 3
縫,1653,Series 2 Volume 3
縮,1654,Series 2 Volume 3
繁,1655,Series 2 Volume 3
繊,1656,Series 2 Volume 3
織,1657,Series 2 Volume 3
繕,1658,Series 2 Volume 3
繭,1659,Series 2 Volume 3
繰,1660,Series 2 Volume 3
缶,1661,Series 2 Volume 3
罰,1662,Series 2 Volume 3
罷,1663,Series 2 Volume 3
羅,1664,Series 2 Volume 3
羊,1665,Series 2 Volume 3
義,1666,Series 2 Volume 3
翻,1667,Series 2 Volume 3
翼,1668,Series 2 Volume 3
耐,1669,Series 2 Volume 3
耗,1670,Series 2 Volume 3
聖,1671,Series 2 Volume 3
聴,1672,Series 2 Volume 3
肖,1673,Series 2 Volume 3
肝,1674,Series 2 Volume 3
肢,1675,Series 2 Volume 3
肥,1676,Series 2 Volume 3
肪,1677,Series 2 Volume 3
肺,1678,Series 2 Volume 3
胆,1679,Series 2 Volume 3
胎,1680,Series 2 Volume 3
胞,1681,Series 2 Volume 3
胴,1682,Series 2 Volume 3
脅,1683,Series 2 Volume 3
脈,1684,Series 2 Volume 3
脚,1685,Series 2 Volume 3
脱,1686,Series 2 Volume 3
腐,1687,Series 2 Volume 3
腸,1688,Series 2 Volume 3
膜,1689,Series 2 Volume 3
膨,1690,Series 2 Volume 3
臨,1691,Series 2 Volume 3
臭,1692,Series 2 Volume 3
興,1693,Series 2 Volume 3
舌,1694,Series 2 Volume 3
舎,1695,Series 2 Volume 3
舗,1696,Series 2 Volume 3
舶,1697,Series 2 Volume 3
艇,1698,Series 2 Volume 3
艦,1699,Series 2 Volume 3
芋,1700,Series 2 Volume 3
芝,1701,Series 2 Volume 3
芳,1702,Series 2 Volume 3
芽,1703,Series 2 Volume 3
苗,1704,Series 2 Volume 3
茂,1705,Series 2 Volume 3
茎,1706,Series 2 Volume 3
荘,1707,Series 2 Volume 3
菊,1708,Series 2 Volume 3
菌,1709,Series 2 Volume 3
華,1710,Series 2 Volume 3
葬,1711,Series 2 Volume 3
蓄,1712,Series 2 Volume 3
薦,1713,Series 2 Volume 3
薫,1714,Series 2 Volume 3
藩,1715,Series 2 Volume 3
藻,1716,Series 2 Volume 3
虐,1717,Series 2 Volume 3
虚,1718,Series 2 Volume 3
虜,1719,Series 2 Volume 3
蚊,1720,Series 2 Volume 3
蚕,1721,Series 2 Volume 3
蛇,1722,Series 2 Volume 3
蛍,1723,Series 2 Volume 3
蛮,1724,Series 2 Volume 3
融,1725,Series 2 Volume 3
衆,1726,Series 2 Volume 3
街,1727,Series 2 Volume 3
衛,1728,Series 2 Volume 3
衝,1729,Series 2 Volume 3
衡,1730,Series 2 Volume 3
衰,1731,Series 2 Volume 3
衷,1732,Series 2 Volume 3
裁,1733,Series 2 Volume 3
裂,1734,Series 2 Volume 3
裕,1735,Series 2 Volume 3
裸,1736,Series 2 Volume 3
褐,1737,Series 2 Volume 3
褒,1738,Series 2 Volume 3
襟,1739,Series 2 Volume 3
襲,1740,Series 2 Volume 3
覆,1741,Series 2 Volume 3
覇,1742,Series 2 Volume 3
視,1743,Series 2 Volume 3
訂,1744,Series 2 Volume 3
討,1745,Series 2 Volume 3
託,1746,Series 2 Volume 3
訟,1747,Series 2 Volume 3
訴,1748,Series 2 Volume 3
診,1749,Series 2 Volume 3
証,1750,Series 2 Volume 3
詐,1751,Series 2 Volume 3
詔,1752,Series 2 Volume 3
詠,1753,Series 2 Volume 3
詩,1754,Series 2 Volume 3
該,1755,Series 2 Volume 3
詳,1756,Series 2 Volume 3
誇,1757,Series 2 Volume 3
誉,1758,Series 2 Volume 3
誓,1759,Series 2 Volume 3
誘,1760,Series 2 Volume 3
誠,1761,Series 2 Volume 3
請,1762,Series 2 Volume 3
諭,1763,Series 2 Volume 3
諮,1764,Series 2 Volume 3
諾,1765,Series 2 Volume 3
謀,1766,Series 2 Volume 3
謁,1767,Series 2 Volume 3
謄,1768,Series 2 Volume 3
謙,1769,Series 2 Volume 3
謝,1770,Series 2 Volume 3
謡,1771,Series 2 Volume 3
謹,1772,Series 2 Volume 3
譜,1773,Series 2 Volume 3
譲,1774,Series 2 Volume 3
護,1775,Series 2 Volume 3
豚,1776,Series 2 Volume 3
豪,1777,Series 2 Volume 3
貞,1778,Series 2 Volume 3
貢,1779,Series 2 Volume 3
貫,1780,Series 2 Volume 3
貴,1781,Series 2 Volume 3
賀,1782,Series 2 Volume 3
賄,1783,Series 2 Volume 3
賊,1784,Series 2 Volume 3
賓,1785,Series 2 Volume 3
賜,1786,Series 2 Volume 3
賠,1787,Series 2 Volume 3
賦,1788,Series 2 Volume 3
購,1789,Series 2 Volume 3
赦,1790,Series 2 Volume 3
赴,1791,Series 2 Volume 3
趣,1792,Series 2 Volume 3
距,1793,Series 2 Volume 3
跡,1794,Series 2 Volume 3
跳,1795,Series 2 Volume 3
践,1796,Series 2 Volume 3
踏,1797,Series 2 Volume 3
躍,1798,Series 2 Volume 3
軌,1799,Series 2 Volume 3
軸,1800,Series 2 Volume 3
載,1801,Series 2 Volume 3
輝,1802,Series 2 Volume 3
輩,1803,Series 2 Volume 3
轄,1804,Series 2 Volume 3
辱,1805,Series 2 Volume 3
迅,1806,Series 2 Volume 3
迫,1807,Series 2 Volume 3
迭,1808,Series 2 Volume 3
透,1809,Series 2 Volume 3
逐,1810,Series 2 Volume 3
逓,1811,Series 2 Volume 3
逝,1812,Series 2 Volume 3
逮,1813,Series 2 Volume 3
逸,1814,Series 2 Volume 3
遂,1815,Series 2 Volume 3
遇,1816,Series 2 Volume 3
遍,1817,Series 2 Volume 3
遣,1818,Series 2 Volume 3
遭,1819,Series 2 Volume 3
遮,1820,Series 2 Volume 3
遵,1821,Series 2 Volume 3
遷,1822,Series 2 Volume 3
遺,1823,Series 2 Volume 3
避,1824,Series 2 Volume 3
還,1825,Series 2 Volume 3
邦,1826,Series 2 Volume 3
邪,1827,Series 2 Volume 3
邸,1828,Series 2 Volume 3
郎,1829,Series 2 Volume 3
郡,1830,Series 2 Volume 3
郭,1831,Series 2 Volume 3
郷,1832,Series 2 Volume 3
酌,1833,Series 2 Volume 3
酔,1834,Series 2 Volume 3
酢,1835,Series 2 Volume 3
酪,1836,Series 2 Volume 3
酬,1837,Series 2 Volume 3
酵,1838,Series 2 Volume 3
酷,1839,Series 2 Volume 3
酸,1840,Series 2 Volume 3
醜,1841,Series 2 Volume 3
醸,1842,Series 2 Volume 3
釈,1843,Series 2 Volume 3
釣,1844,Series 2 Volume 3
鈴,1845,Series 2 Volume 3
鉛,1846,Series 2 Volume 3
鉢,1847,Series 2 Volume 3
銃,1848,Series 2 Volume 3
銘,1849,Series 2 Volume 3
銭,1850,Series 2 Volume 3
鋳,1851,Series 2 Volume 3
鋼,1852,Series 2 Volume 3
錠,1853,Series 2 Volume 3
錬,1854,Series 2 Volume 3
錯,1855,Series 2 Volume 3
鍛,1856,Series 2 Volume 3
鎖,1857,Series 2 Volume 3
鎮,1858,Series 2 Volume 3
鏡,1859,Series 2 Volume 3
鐘,1860,Series 2 Volume 3
鑑,1861,Series 2 Volume 3
閑,1862,Series 2 Volume 3
閣,1863,Series 2 Volume 3
閥,1864,Series 2 Volume 3
閲,1865,Series 2 Volume 3
闘,1866,Series 2 Volume 3
阻,1867,Series 2 Volume 3
附,1868,Series 2 Volume 3
陛,1869,Series 2 Volume 3
陣,1870,Series 2 Volume 3
陥,1871,Series 2 Volume 3
陪,1872,Series 2 Volume 3
陰,1873,Series 2 Volume 3
陳,1874,Series 2 Volume 3
陵,1875,Series 2 Volume 3
陶,1876,Series 2 Volume 3
隆,1877,Series 2 Volume 3
隊,1878,Series 2 Volume 3
随,1879,Series 2 Volume 3
隔,1880,Series 2 Volume 3
障,1881,Series 2 Volume 3
隠,1882,Series 2 Volume 3
隣,1883,Series 2 Volume 3
隻,1884,Series 2 Volume 3
雄,1885,Series 2 Volume 3
雅,1886,Series 2 Volume 3
雌,1887,Series 2 Volume 3
離,1888,Series 2 Volume 3
雰,1889,Series 2 Volume 3
雷,1890,Series 2 Volume 3
需,1891,Series 2 Volume 3
霊,1892,Series 2 Volume 3
霜,1893,Series 2 Volume 3
霧,1894,Series 2 Volume 3
露,1895,Series 2 Volume 3
韻,1896,Series 2 Volume 3
響,1897,Series 2 Volume 3
項,1898,Series 2 Volume 3
頑,1899,Series 2 Volume 3
頒,1900,Series 2 Volume 3
頻,1901,Series 2 Volume 3
顕,1902,Series 2 Volume 3
顧,1903,Series 2 Volume 3
飢,1904,Series 2 Volume 3
飼,1905,Series 2 Volume 3
飽,1906,Series 2 Volume 3
飾,1907,Series 2 Volume 3
養,1908,Series 2 Volume 3
餓,1909,Series 2 Volume 3
駄,1910,Series 2 Volume 3
駆,1911,Series 2 Volume 3
騎,1912,Series 2 Volume 3
騒,1913,Series 2 Volume 3
騰,1914,Series 2 Volume 3
髄,1915,Series 2 Volume 3
鬼,1916,Series 2 Volume 3
魂,1917,Series 2 Volume 3
魅,1918,Series 2 Volume 3
魔,1919,Series 2 Volume 3
鮮,1920,Series 2 Volume 3
鯨,1921,Series 2 Volume 3
鶏,1922,Series 2 Volume 3
麗,1923,Series 2 Volume 3
麻,1924,Series 2 Volume 3
黙,1925,Series 2 Volume 3
鼓,1926,Series 2 Volume 3
翁,1927,Series 2 Volume 3
虞,1928,Series 2 Volume 3
嚇,1929,Series 2 Volume 3
且,1930,Series 2 Volume 3
侯,1931,Series 2 Volume 3
勺,1932,Series 2 Volume 3
爵,1933,Series 2 Volume 3
薪,1934,Series 2 Volume 3
帥,1935,Series 2 Volume 3
錘,1936,Series 2 Volume 3
畝,1937,Series 2 Volume 3
銑,1938,Series 2 Volume 3
但,1939,Series 2 Volume 3
脹,1940,Series 2 Volume 3
朕,1941,Series 2 Volume 3
奴,1942,Series 2 Volume 3
婆,1943,Series 2 Volume 3
匁,1944,Series 2 Volume 3
隷,1945,Series 2 Volume 3
