"_id",kanji,cardid,volume
5899e7defe6fca451b59057d,七,2,Series 2 Volume 1
5899e7defe6fca451b590580,上,5,Series 2 Volume 1
5899e7defe6fca451b5905b5,千,58,Series 2 Volume 1
5899e7defe6fca451b590582,不,7,Series 2 Volume 1
5899e7defe6fca451b59058e,仕,19,Series 2 Volume 1
5899e7defe6fca451b590597,作,28,Series 2 Volume 1
5899e7defe6fca451b59057c,一,1,Series 2 Volume 1
5899e7defe6fca451b59058c,人,17,Series 2 Volume 1
5899e7defe6fca451b590595,体,26,Series 2 Volume 1
5899e7defe6fca451b59057e,万,3,Series 2 Volume 1
5899e7defe6fca451b59058b,京,16,Series 2 Volume 1
5899e7defe6fca451b5905a1,全,38,Series 2 Volume 1
5899e7defe6fca451b5905ab,別,48,Series 2 Volume 1
5899e7defe6fca451b59057f,三,4,Series 2 Volume 1
5899e7defe6fca451b59059a,借,31,Series 2 Volume 1
5899e7defe6fca451b5905a6,写,43,Series 2 Volume 1
5899e7defe6fca451b5905b7,半,60,Series 2 Volume 1
5899e7defe6fca451b59058a,五,15,Series 2 Volume 1
5899e7defe6fca451b590587,九,12,Series 2 Volume 1
5899e7defe6fca451b590588,事,13,Series 2 Volume 1
5899e7defe6fca451b5905ae,力,51,Series 2 Volume 1
5899e7defe6fca451b590584,中,9,Series 2 Volume 1
5899e7defe6fca451b59058f,代,20,Series 2 Volume 1
5899e7defe6fca451b590590,以,21,Series 2 Volume 1
5899e7defe6fca451b590581,下,6,Series 2 Volume 1
5899e7defe6fca451b590591,休,22,Series 2 Volume 1
5899e7defe6fca451b590594,住,25,Series 2 Volume 1
5899e7defe6fca451b59059f,光,36,Series 2 Volume 1
5899e7defe6fca451b5905a2,八,39,Series 2 Volume 1
5899e7defe6fca451b5905b9,去,62,Series 2 Volume 1
5899e7defe6fca451b5905bb,取,64,Series 2 Volume 1
5899e7defe6fca451b5905b4,十,57,Series 2 Volume 1
5899e7defe6fca451b5905b6,午,59,Series 2 Volume 1
5899e7defe6fca451b5905ba,友,63,Series 2 Volume 1
5899e7defe6fca451b590585,主,10,Series 2 Volume 1
5899e7defe6fca451b5905a5,円,42,Series 2 Volume 1
5899e7defe6fca451b5905b3,医,56,Series 2 Volume 1
5899e7defe6fca451b59058d,今,18,Series 2 Volume 1
5899e7defe6fca451b590583,世,8,Series 2 Volume 1
5899e7defe6fca451b5905a0,入,37,Series 2 Volume 1
5899e7defe6fca451b5905a7,冬,44,Series 2 Volume 1
5899e7defe6fca451b590589,二,14,Series 2 Volume 1
5899e7defe6fca451b590592,会,23,Series 2 Volume 1
5899e7defe6fca451b590586,乗,11,Series 2 Volume 1
5899e7defe6fca451b590593,低,24,Series 2 Volume 1
5899e7defe6fca451b5905ad,前,50,Series 2 Volume 1
5899e7defe6fca451b5905af,勉,52,Series 2 Volume 1
5899e7defe6fca451b590596,何,27,Series 2 Volume 1
5899e7defe6fca451b590599,便,30,Series 2 Volume 1
5899e7defe6fca451b59059e,先,35,Series 2 Volume 1
5899e7defe6fca451b5905a3,六,40,Series 2 Volume 1
5899e7defe6fca451b5905aa,切,47,Series 2 Volume 1
5899e7defe6fca451b5905a8,出,45,Series 2 Volume 1
5899e7defe6fca451b5905b1,北,54,Series 2 Volume 1
5899e7defe6fca451b59059c,元,33,Series 2 Volume 1
5899e7defe6fca451b5905b0,動,53,Series 2 Volume 1
5899e7defe6fca451b590598,使,29,Series 2 Volume 1
5899e7defe6fca451b59059d,兄,34,Series 2 Volume 1
5899e7defe6fca451b5905a9,分,46,Series 2 Volume 1
5899e7defe6fca451b5905ac,利,49,Series 2 Volume 1
5899e7defe6fca451b59059b,働,32,Series 2 Volume 1
5899e7defe6fca451b5905a4,内,41,Series 2 Volume 1
5899e7defe6fca451b5905b2,区,55,Series 2 Volume 1
5899e7defe6fca451b5905b8,南,61,Series 2 Volume 1
5899e7defe6fca451b5905c3,味,72,Series 2 Volume 1
5899e7defe6fca451b5905d1,夏,86,Series 2 Volume 1
5899e7defe6fca451b5905bf,右,68,Series 2 Volume 1
5899e7defe6fca451b5905c2,名,71,Series 2 Volume 1
5899e7defe6fca451b5905ca,国,79,Series 2 Volume 1
5899e7defe6fca451b5905d3,外,88,Series 2 Volume 1
5899e7defe6fca451b5905d6,大,91,Series 2 Volume 1
5899e7defe6fca451b5905f2,度,119,Series 2 Volume 1
5899e7defe6fca451b5905f5,弟,122,Series 2 Volume 1
5899e7defe6fca451b590608,族,141,Series 2 Volume 1
5899e7defe6fca451b590630,決,181,Series 2 Volume 1
5899e7defe6fca451b590637,父,188,Series 2 Volume 1
5899e7defe6fca451b590664,色,233,Series 2 Volume 1
5899e7defe6fca451b59066e,言,243,Series 2 Volume 1
5899e7defe6fca451b590676,貸,251,Series 2 Volume 1
5899e7defe6fca451b590688,都,269,Series 2 Volume 1
5899e7defe6fca451b59068d,長,274,Series 2 Volume 1
5899e7defe6fca451b590695,電,282,Series 2 Volume 1
5899e7defe6fca451b5906a2,駅,295,Series 2 Volume 1
5899e7defe6fca451b5906ae,乳,307,Series 2 Volume 2
5899e7defe6fca451b5906b7,仏,316,Series 2 Volume 2
5899e7defe6fca451b5906b8,他,317,Series 2 Volume 2
5899e7defe6fca451b5906bb,仮,320,Series 2 Volume 2
5899e7defe6fca451b5906d4,値,345,Series 2 Volume 2
5899e7defe6fca451b590712,原,407,Series 2 Volume 2
5899e7defe6fca451b59074b,士,464,Series 2 Volume 2
5899e7defe6fca451b59074c,変,465,Series 2 Volume 2
5899e7defe6fca451b590763,実,488,Series 2 Volume 2
5899e7defe6fca451b590766,害,491,Series 2 Volume 2
5899e7defe6fca451b59077c,島,513,Series 2 Volume 2
5899e7defe6fca451b59078e,庁,531,Series 2 Volume 2
5899e7defe6fca451b5907a9,念,558,Series 2 Volume 2
5899e7defe6fca451b5907d1,捜,598,Series 2 Volume 2
5899e7defe6fca451b5907f1,景,630,Series 2 Volume 2
5899e7defe6fca451b5907f2,晴,631,Series 2 Volume 2
5899e7defe6fca451b59080b,栄,656,Series 2 Volume 2
5899e7defe6fca451b59081d,欧,674,Series 2 Volume 2
5899e7defe6fca451b590825,殺,682,Series 2 Volume 2
5899e7defe6fca451b590829,毛,686,Series 2 Volume 2
5899e7defe6fca451b59082a,氷,687,Series 2 Volume 2
5899e7defe6fca451b59082f,沈,692,Series 2 Volume 2
5899e7defe6fca451b590836,泉,699,Series 2 Volume 2
5899e7defe6fca451b5905c5,員,74,Series 2 Volume 1
5899e7defe6fca451b5905da,好,95,Series 2 Volume 1
5899e7defe6fca451b5905c0,合,69,Series 2 Volume 1
5899e7defe6fca451b5905c6,問,75,Series 2 Volume 1
5899e7defe6fca451b5905cb,土,80,Series 2 Volume 1
5899e7defe6fca451b5905dc,姉,97,Series 2 Volume 1
5899e7defe6fca451b5905e0,学,101,Series 2 Volume 1
5899e7defe6fca451b5905e1,安,102,Series 2 Volume 1
5899e7defe6fca451b5905e9,山,110,Series 2 Volume 1
5899e7defe6fca451b5905fc,急,129,Series 2 Volume 1
5899e7defe6fca451b590609,日,142,Series 2 Volume 1
5899e7defe6fca451b59060c,映,145,Series 2 Volume 1
5899e7defe6fca451b590613,書,152,Series 2 Volume 1
5899e7defe6fca451b59064e,短,211,Series 2 Volume 1
5899e7defe6fca451b590651,社,214,Series 2 Volume 1
5899e7defe6fca451b590652,私,215,Series 2 Volume 1
5899e7defe6fca451b590670,試,245,Series 2 Volume 1
5899e7defe6fca451b590697,音,284,Series 2 Volume 1
5899e7defe6fca451b59069a,顔,287,Series 2 Volume 1
5899e7defe6fca451b5906a1,馬,294,Series 2 Volume 1
5899e7defe6fca451b5906a3,験,296,Series 2 Volume 1
5899e7defe6fca451b5906ac,久,305,Series 2 Volume 2
5899e7defe6fca451b5906c5,位,330,Series 2 Volume 2
5899e7defe6fca451b5906d2,倒,343,Series 2 Volume 2
5899e7defe6fca451b590701,勇,390,Series 2 Volume 2
5899e7defe6fca451b59070c,単,401,Series 2 Volume 2
5899e7defe6fca451b590719,句,414,Series 2 Volume 2
5899e7defe6fca451b590723,否,424,Series 2 Volume 2
5899e7defe6fca451b590738,園,445,Series 2 Volume 2
5899e7defe6fca451b59073f,型,452,Series 2 Volume 2
5899e7defe6fca451b590745,塔,458,Series 2 Volume 2
5899e7defe6fca451b590753,姓,472,Series 2 Volume 2
5899e7defe6fca451b59075e,完,483,Series 2 Volume 2
5899e7defe6fca451b590775,局,506,Series 2 Volume 2
5899e7defe6fca451b590777,届,508,Series 2 Volume 2
5899e7defe6fca451b590793,庫,536,Series 2 Volume 2
5899e7defe6fca451b5907b1,恵,566,Series 2 Volume 2
5899e7defe6fca451b5907b3,悲,568,Series 2 Volume 2
5899e7defe6fca451b5907b8,慣,573,Series 2 Volume 2
5899e7defe6fca451b5907b9,憎,574,Series 2 Volume 2
5899e7defe6fca451b5907c3,技,584,Series 2 Volume 2
5899e7defe6fca451b5907e6,整,619,Series 2 Volume 2
5899e7defe6fca451b5907fd,末,642,Series 2 Volume 2
5899e7defe6fca451b590814,極,665,Series 2 Volume 2
5899e7defe6fca451b590828,比,685,Series 2 Volume 2
5899e7defe6fca451b590831,沸,694,Series 2 Volume 2
5899e7defe6fca451b590839,波,702,Series 2 Volume 2
5899e7defe6fca451b5905cf,声,84,Series 2 Volume 1
5899e7defe6fca451b5905bc,口,65,Series 2 Volume 1
5899e7defe6fca451b5905be,台,67,Series 2 Volume 1
5899e7defe6fca451b5905ce,場,83,Series 2 Volume 1
5899e7defe6fca451b5905d0,売,85,Series 2 Volume 1
5899e7defe6fca451b5905ee,帰,115,Series 2 Volume 1
5899e7defe6fca451b5905fd,悪,130,Series 2 Volume 1
5899e7defe6fca451b59060b,明,144,Series 2 Volume 1
5899e7defe6fca451b59061f,林,164,Series 2 Volume 1
5899e7defe6fca451b590641,男,198,Series 2 Volume 1
5899e7defe6fca451b59064b,真,208,Series 2 Volume 1
5899e7defe6fca451b590654,究,217,Series 2 Volume 1
5899e7defe6fca451b590655,空,218,Series 2 Volume 1
5899e7defe6fca451b590678,赤,253,Series 2 Volume 1
5899e7defe6fca451b590691,間,278,Series 2 Volume 1
5899e7defe6fca451b59069e,飲,291,Series 2 Volume 1
5899e7defe6fca451b5906b6,介,315,Series 2 Volume 2
5899e7defe6fca451b5906ba,令,319,Series 2 Volume 2
5899e7defe6fca451b5906c7,例,332,Series 2 Volume 2
5899e7defe6fca451b5906d9,偶,350,Series 2 Volume 2
5899e7defe6fca451b5906ea,凍,367,Series 2 Volume 2
5899e7defe6fca451b590722,君,423,Series 2 Volume 2
5899e7defe6fca451b590750,失,469,Series 2 Volume 2
5899e7defe6fca451b590757,婦,476,Series 2 Volume 2
5899e7defe6fca451b590782,布,519,Series 2 Volume 2
5899e7defe6fca451b590783,希,520,Series 2 Volume 2
5899e7defe6fca451b59078a,干,527,Series 2 Volume 2
5899e7defe6fca451b59078c,幸,529,Series 2 Volume 2
5899e7defe6fca451b5907a0,得,549,Series 2 Volume 2
5899e7defe6fca451b5907ae,恐,563,Series 2 Volume 2
5899e7defe6fca451b5907c2,承,583,Series 2 Volume 2
5899e7defe6fca451b5907d0,捕,597,Series 2 Volume 2
5899e7defe6fca451b5907df,政,612,Series 2 Volume 2
5899e7defe6fca451b5907fa,望,639,Series 2 Volume 2
5899e7defe6fca451b590819,横,670,Series 2 Volume 2
5899e7defe6fca451b59081f,武,676,Series 2 Volume 2
5899e7defe6fca451b590824,段,681,Series 2 Volume 2
5899e7defe6fca451b5905d9,女,94,Series 2 Volume 1
5899e7defe6fca451b5905ed,市,114,Series 2 Volume 1
5899e7defe6fca451b59060e,昼,147,Series 2 Volume 1
5899e7defe6fca451b590615,月,154,Series 2 Volume 1
5899e7defe6fca451b59061c,村,161,Series 2 Volume 1
5899e7defe6fca451b590621,森,166,Series 2 Volume 1
5899e7defe6fca451b590627,正,172,Series 2 Volume 1
5899e7defe6fca451b59062b,毎,176,Series 2 Volume 1
5899e7defe6fca451b59062f,池,180,Series 2 Volume 1
5899e7defe6fca451b590635,漢,186,Series 2 Volume 1
5899e7defe6fca451b590640,田,197,Series 2 Volume 1
5899e7defe6fca451b59065d,習,226,Series 2 Volume 1
5899e7defe6fca451b590677,質,252,Series 2 Volume 1
5899e7defe6fca451b590690,開,277,Series 2 Volume 1
5899e7defe6fca451b590693,集,280,Series 2 Volume 1
5899e7defe6fca451b5906be,任,323,Series 2 Volume 2
5899e7defe6fca451b5906ca,価,335,Series 2 Volume 2
5899e7defe6fca451b5906d6,停,347,Series 2 Volume 2
5899e7defe6fca451b5906f3,刷,376,Series 2 Volume 2
5899e7defe6fca451b5906f9,割,382,Series 2 Volume 2
5899e7defe6fca451b5906fe,努,387,Series 2 Volume 2
5899e7defe6fca451b590721,向,422,Series 2 Volume 2
5899e7defe6fca451b590733,因,440,Series 2 Volume 2
5899e7defe6fca451b590741,城,454,Series 2 Volume 2
5899e7defe6fca451b590743,基,456,Series 2 Volume 2
5899e7defe6fca451b590748,境,461,Series 2 Volume 2
5899e7defe6fca451b59074a,壁,463,Series 2 Volume 2
5899e7defe6fca451b59076c,察,497,Series 2 Volume 2
5899e7defe6fca451b590770,将,501,Series 2 Volume 2
5899e7defe6fca451b590772,導,503,Series 2 Volume 2
5899e7defe6fca451b590785,席,522,Series 2 Volume 2
5899e7defe6fca451b59078f,床,532,Series 2 Volume 2
5899e7defe6fca451b590790,底,533,Series 2 Volume 2
5899e7defe6fca451b5907a5,忘,554,Series 2 Volume 2
5899e7defe6fca451b5907aa,怒,559,Series 2 Volume 2
5899e7defe6fca451b5907ac,性,561,Series 2 Volume 2
5899e7defe6fca451b5907b0,息,565,Series 2 Volume 2
5899e7defe6fca451b5907b7,感,572,Series 2 Volume 2
5899e7defe6fca451b5907de,放,611,Series 2 Volume 2
5899e7defe6fca451b5907e4,敬,617,Series 2 Volume 2
5899e7defe6fca451b5907eb,易,624,Series 2 Volume 2
5899e7defe6fca451b5907ee,昨,627,Series 2 Volume 2
5899e7defe6fca451b5907f7,曲,636,Series 2 Volume 2
5899e7defe6fca451b5907ff,材,644,Series 2 Volume 2
5899e7defe6fca451b590804,枚,649,Series 2 Volume 2
5899e7defe6fca451b59080e,格,659,Series 2 Volume 2
5899e7defe6fca451b590818,権,669,Series 2 Volume 2
5899e7defe6fca451b590821,歳,678,Series 2 Volume 2
5899e7defe6fca451b590834,沿,697,Series 2 Volume 2
5899e7defe6fca451b59083b,泥,704,Series 2 Volume 2
5899e7defe6fca451b5905f3,建,120,Series 2 Volume 1
5899e7defe6fca451b590607,旅,140,Series 2 Volume 1
5899e7defe6fca451b5905f7,強,124,Series 2 Volume 1
5899e7defe6fca451b5905fa,心,127,Series 2 Volume 1
5899e7defe6fca451b590603,文,136,Series 2 Volume 1
5899e7defe6fca451b590604,料,137,Series 2 Volume 1
5899e7defe6fca451b59061d,来,162,Series 2 Volume 1
5899e7defe6fca451b59061e,東,163,Series 2 Volume 1
5899e7defe6fca451b590626,止,171,Series 2 Volume 1
5899e7defe6fca451b590631,注,182,Series 2 Volume 1
5899e7defe6fca451b59063f,用,196,Series 2 Volume 1
5899e7defe6fca451b590657,竹,220,Series 2 Volume 1
5899e7defe6fca451b590659,米,222,Series 2 Volume 1
5899e7defe6fca451b59065a,糸,223,Series 2 Volume 1
5899e7defe6fca451b590660,耳,229,Series 2 Volume 1
5899e7defe6fca451b590661,聞,230,Series 2 Volume 1
5899e7defe6fca451b590672,語,247,Series 2 Volume 1
5899e7defe6fca451b590675,買,250,Series 2 Volume 1
5899e7defe6fca451b590681,通,262,Series 2 Volume 1
5899e7defe6fca451b590685,道,266,Series 2 Volume 1
5899e7defe6fca451b590686,遠,267,Series 2 Volume 1
5899e7defe6fca451b5906a9,両,302,Series 2 Volume 2
5899e7defe6fca451b5906e2,党,359,Series 2 Volume 2
5899e7defe6fca451b5906f8,副,381,Series 2 Volume 2
5899e7defe6fca451b590707,包,396,Series 2 Volume 2
5899e7defe6fca451b590708,化,397,Series 2 Volume 2
5899e7defe6fca451b590709,匹,398,Series 2 Volume 2
5899e7defe6fca451b590717,収,412,Series 2 Volume 2
5899e7defe6fca451b590731,営,438,Series 2 Volume 2
5899e7defe6fca451b59073d,坊,450,Series 2 Volume 2
5899e7defe6fca451b59073e,垂,451,Series 2 Volume 2
5899e7defe6fca451b590747,塩,460,Series 2 Volume 2
5899e7defe6fca451b59074d,夢,466,Series 2 Volume 2
5899e7defe6fca451b590752,妻,471,Series 2 Volume 2
5899e7defe6fca451b5907bf,打,580,Series 2 Volume 2
5899e7defe6fca451b5907c4,投,585,Series 2 Volume 2
5899e7defe6fca451b5907c7,抱,588,Series 2 Volume 2
5899e7defe6fca451b5907ec,昔,625,Series 2 Volume 2
5899e7defe6fca451b590817,標,668,Series 2 Volume 2
5899e7defe6fca451b590823,残,680,Series 2 Volume 2
5899e7defe6fca451b59082c,求,689,Series 2 Volume 2
5899e7defe6fca451b5905d8,太,93,Series 2 Volume 1
5899e7defe6fca451b5905cd,堂,82,Series 2 Volume 1
5899e7defe6fca451b5905d4,多,89,Series 2 Volume 1
5899e7defe6fca451b5905f1,店,118,Series 2 Volume 1
5899e7defe6fca451b5905f4,引,121,Series 2 Volume 1
5899e7defe6fca451b590650,研,213,Series 2 Volume 1
5899e7defe6fca451b590666,英,235,Series 2 Volume 1
5899e7defe6fca451b59068b,金,272,Series 2 Volume 1
5899e7defe6fca451b5906c6,余,331,Series 2 Volume 2
5899e7defe6fca451b5906c8,供,333,Series 2 Volume 2
5899e7defe6fca451b5906c9,依,334,Series 2 Volume 2
5899e7defe6fca451b5906cf,修,340,Series 2 Volume 2
5899e7defe6fca451b5906dc,傾,353,Series 2 Volume 2
5899e7defe6fca451b5906e3,公,360,Series 2 Volume 2
5899e7defe6fca451b59070d,占,402,Series 2 Volume 2
5899e7defe6fca451b590716,反,411,Series 2 Volume 2
5899e7defe6fca451b59071f,司,420,Series 2 Volume 2
5899e7defe6fca451b590749,増,462,Series 2 Volume 2
5899e7defe6fca451b59075b,宅,480,Series 2 Volume 2
5899e7defe6fca451b590761,定,486,Series 2 Volume 2
5899e7defe6fca451b590780,己,517,Series 2 Volume 2
5899e7defe6fca451b59078b,平,528,Series 2 Volume 2
5899e7defe6fca451b59078d,幼,530,Series 2 Volume 2
5899e7defe6fca451b59079f,従,548,Series 2 Volume 2
5899e7defe6fca451b5907b2,悩,567,Series 2 Volume 2
5899e7defe6fca451b5907b4,情,569,Series 2 Volume 2
5899e7defe6fca451b5907cb,拝,592,Series 2 Volume 2
5899e7defe6fca451b5907cd,拾,594,Series 2 Volume 2
5899e7defe6fca451b5907d6,採,603,Series 2 Volume 2
5899e7defe6fca451b5907e0,故,613,Series 2 Volume 2
5899e7defe6fca451b5907ef,晩,628,Series 2 Volume 2
5899e7defe6fca451b5907fe,札,643,Series 2 Volume 2
5899e7defe6fca451b590801,条,646,Series 2 Volume 2
5899e7defe6fca451b59081a,橋,671,Series 2 Volume 2
5899e7defe6fca451b590820,歯,677,Series 2 Volume 2
5899e7defe6fca451b59082b,永,688,Series 2 Volume 2
5899e7defe6fca451b5905c1,同,70,Series 2 Volume 1
5899e7defe6fca451b5905c7,四,76,Series 2 Volume 1
5899e7defe6fca451b5905e2,室,103,Series 2 Volume 1
5899e7defe6fca451b590601,持,134,Series 2 Volume 1
5899e7defe6fca451b590610,暑,149,Series 2 Volume 1
5899e7defe6fca451b590625,歌,170,Series 2 Volume 1
5899e7defe6fca451b590636,火,187,Series 2 Volume 1
5899e7defe6fca451b59065b,紙,224,Series 2 Volume 1
5899e7defe6fca451b590680,送,261,Series 2 Volume 1
5899e7defe6fca451b590687,部,268,Series 2 Volume 1
5899e7defe6fca451b590699,題,286,Series 2 Volume 1
5899e7defe6fca451b59069b,風,288,Series 2 Volume 1
5899e7defe6fca451b59069c,食,289,Series 2 Volume 1
5899e7defe6fca451b59069f,館,292,Series 2 Volume 1
5899e7defe6fca451b5906a7,黒,300,Series 2 Volume 1
5899e7defe6fca451b5906c1,伴,326,Series 2 Volume 2
5899e7defe6fca451b5906ce,信,339,Series 2 Volume 2
5899e7defe6fca451b5906d8,側,349,Series 2 Volume 2
5899e7defe6fca451b5906db,傷,352,Series 2 Volume 2
5899e7defe6fca451b5906f7,則,380,Series 2 Volume 2
5899e7defe6fca451b5906fa,劇,383,Series 2 Volume 2
5899e7defe6fca451b590700,効,389,Series 2 Volume 2
5899e7defe6fca451b59070a,卒,399,Series 2 Volume 2
5899e7defe6fca451b590711,厚,406,Series 2 Volume 2
5899e7defe6fca451b59071a,叫,415,Series 2 Volume 2
5899e7defe6fca451b59071b,召,416,Series 2 Volume 2
5899e7defe6fca451b590732,器,439,Series 2 Volume 2
5899e7defe6fca451b590737,固,444,Series 2 Volume 2
5899e7defe6fca451b59075f,官,484,Series 2 Volume 2
5899e7defe6fca451b59076a,富,495,Series 2 Volume 2
5899e7defe6fca451b59076f,専,500,Series 2 Volume 2
5899e7defe6fca451b5907ab,怖,560,Series 2 Volume 2
5899e7defe6fca451b5907bb,戦,576,Series 2 Volume 2
5899e7defe6fca451b5907be,才,579,Series 2 Volume 2
5899e7defe6fca451b5907c5,折,586,Series 2 Volume 2
5899e7defe6fca451b5907cc,拡,593,Series 2 Volume 2
5899e7defe6fca451b5907d3,掃,600,Series 2 Volume 2
5899e7defe6fca451b5907d5,掘,602,Series 2 Volume 2
5899e7defe6fca451b590812,植,663,Series 2 Volume 2
5899e7defe6fca451b590832,油,695,Series 2 Volume 2
5899e7defe6fca451b5905c4,品,73,Series 2 Volume 1
5899e7defe6fca451b5905c9,図,78,Series 2 Volume 1
5899e7defe6fca451b5905f6,弱,123,Series 2 Volume 1
5899e7defe6fca451b5905f8,待,125,Series 2 Volume 1
5899e7defe6fca451b59061a,本,159,Series 2 Volume 1
5899e7defe6fca451b59062a,母,175,Series 2 Volume 1
5899e7defe6fca451b590642,町,199,Series 2 Volume 1
5899e7defe6fca451b59065c,終,225,Series 2 Volume 1
5899e7defe6fca451b59065f,者,228,Series 2 Volume 1
5899e7defe6fca451b590667,茶,236,Series 2 Volume 1
5899e7defe6fca451b590673,説,248,Series 2 Volume 1
5899e7defe6fca451b59067c,車,257,Series 2 Volume 1
5899e7defe6fca451b590696,青,283,Series 2 Volume 1
5899e7defe6fca451b5906a4,高,297,Series 2 Volume 1
5899e7defe6fca451b5906c0,伝,325,Series 2 Volume 2
5899e7defe6fca451b5906de,億,355,Series 2 Volume 2
5899e7defe6fca451b5906e1,児,358,Series 2 Volume 2
5899e7defe6fca451b5906e6,具,363,Series 2 Volume 2
5899e7defe6fca451b5906e9,冷,366,Series 2 Volume 2
5899e7defe6fca451b5906f5,刺,378,Series 2 Volume 2
5899e7defe6fca451b5906fd,助,386,Series 2 Volume 2
5899e7defe6fca451b59070b,協,400,Series 2 Volume 2
5899e7defe6fca451b59070e,印,403,Series 2 Volume 2
5899e7defe6fca451b59070f,危,404,Series 2 Volume 2
5899e7defe6fca451b59071e,号,419,Series 2 Volume 2
5899e7defe6fca451b590728,周,429,Series 2 Volume 2
5899e7defe6fca451b590734,団,441,Series 2 Volume 2
5899e7defe6fca451b590736,囲,443,Series 2 Volume 2
5899e7defe6fca451b590742,域,455,Series 2 Volume 2
5899e7defe6fca451b590756,婚,475,Series 2 Volume 2
5899e7defe6fca451b590758,存,477,Series 2 Volume 2
5899e7defe6fca451b59075a,孫,479,Series 2 Volume 2
5899e7defe6fca451b59076d,対,498,Series 2 Volume 2
5899e7defe6fca451b590776,居,507,Series 2 Volume 2
5899e7defe6fca451b59077e,巨,515,Series 2 Volume 2
5899e7defe6fca451b590788,帽,525,Series 2 Volume 2
5899e7defe6fca451b590797,式,540,Series 2 Volume 2
5899e7defe6fca451b5907a6,忙,555,Series 2 Volume 2
5899e7defe6fca451b5907cf,挟,596,Series 2 Volume 2
5899e7defe6fca451b5907e9,旧,622,Series 2 Volume 2
5899e7defe6fca451b5907f0,普,629,Series 2 Volume 2
5899e7defe6fca451b590808,柔,653,Series 2 Volume 2
5899e7defe6fca451b59080c,株,657,Series 2 Volume 2
5899e7defe6fca451b590811,棒,662,Series 2 Volume 2
5899e7defe6fca451b59081e,欲,675,Series 2 Volume 2
5899e7defe6fca451b590827,毒,684,Series 2 Volume 2
5899e7defe6fca451b5905de,子,99,Series 2 Volume 1
5899e7defe6fca451b5905e3,家,104,Series 2 Volume 1
5899e7defe6fca451b5905e7,少,108,Series 2 Volume 1
5899e7defe6fca451b5905f9,後,126,Series 2 Volume 1
5899e7defe6fca451b5905fb,思,128,Series 2 Volume 1
5899e7defe6fca451b59060a,早,143,Series 2 Volume 1
5899e7defe6fca451b590622,業,167,Series 2 Volume 1
5899e7defe6fca451b590646,発,203,Series 2 Volume 1
5899e7defe6fca451b59064c,着,209,Series 2 Volume 1
5899e7defe6fca451b590662,肉,231,Series 2 Volume 1
5899e7defe6fca451b59067b,足,256,Series 2 Volume 1
5899e7defe6fca451b590683,進,264,Series 2 Volume 1
5899e7defe6fca451b59068f,閉,276,Series 2 Volume 1
5899e7defe6fca451b590692,院,279,Series 2 Volume 1
5899e7defe6fca451b5906a8,与,301,Series 2 Volume 2
5899e7defe6fca451b5906ab,丸,304,Series 2 Volume 2
5899e7defe6fca451b5906b0,了,309,Series 2 Volume 2
5899e7defe6fca451b5906cd,保,338,Series 2 Volume 2
5899e7defe6fca451b5906df,優,356,Series 2 Volume 2
5899e7defe6fca451b5906e7,冊,364,Series 2 Volume 2
5899e7defe6fca451b5906ed,刊,370,Series 2 Volume 2
5899e7defe6fca451b5906f1,到,374,Series 2 Volume 2
5899e7defe6fca451b5906f6,刻,379,Series 2 Volume 2
5899e7defe6fca451b590713,厳,408,Series 2 Volume 2
5899e7defe6fca451b590726,吹,427,Series 2 Volume 2
5899e7defe6fca451b59072d,商,434,Series 2 Volume 2
5899e7defe6fca451b590744,報,457,Series 2 Volume 2
5899e7defe6fca451b590755,娘,474,Series 2 Volume 2
5899e7defe6fca451b59075c,宇,481,Series 2 Volume 2
5899e7defe6fca451b590765,宮,490,Series 2 Volume 2
5899e7defe6fca451b590767,容,492,Series 2 Volume 2
5899e7defe6fca451b59076e,封,499,Series 2 Volume 2
5899e7defe6fca451b59077f,差,516,Series 2 Volume 2
5899e7defe6fca451b590784,師,521,Series 2 Volume 2
5899e7defe6fca451b590792,座,535,Series 2 Volume 2
5899e7defe6fca451b5907a1,御,550,Series 2 Volume 2
5899e7defe6fca451b5907a8,快,557,Series 2 Volume 2
5899e7defe6fca451b5907c6,抜,587,Series 2 Volume 2
5899e7defe6fca451b5907d7,探,604,Series 2 Volume 2
5899e7defe6fca451b5907e8,施,621,Series 2 Volume 2
5899e7defe6fca451b5907f8,更,637,Series 2 Volume 2
5899e7defe6fca451b5907fb,期,640,Series 2 Volume 2
5899e7defe6fca451b5905cc,地,81,Series 2 Volume 1
5899e7defe6fca451b5905d2,夕,87,Series 2 Volume 1
5899e7defe6fca451b5905d5,夜,90,Series 2 Volume 1
5899e7defe6fca451b5905d7,天,92,Series 2 Volume 1
5899e7defe6fca451b5905e6,小,107,Series 2 Volume 1
5899e7defe6fca451b5905ea,川,111,Series 2 Volume 1
5899e7defe6fca451b5905ff,所,132,Series 2 Volume 1
5899e7defe6fca451b590648,百,205,Series 2 Volume 1
5899e7defe6fca451b59064d,知,210,Series 2 Volume 1
5899e7defe6fca451b590669,薬,238,Series 2 Volume 1
5899e7defe6fca451b59066a,行,239,Series 2 Volume 1
5899e7defe6fca451b59066b,西,240,Series 2 Volume 1
5899e7defe6fca451b590679,走,254,Series 2 Volume 1
5899e7defe6fca451b59067a,起,255,Series 2 Volume 1
5899e7defe6fca451b59069d,飯,290,Series 2 Volume 1
5899e7defe6fca451b5906ad,乱,306,Series 2 Volume 2
5899e7defe6fca451b5906bd,件,322,Series 2 Volume 2
5899e7defe6fca451b5906ef,初,372,Series 2 Volume 2
5899e7defe6fca451b5906f4,券,377,Series 2 Volume 2
5899e7defe6fca451b5906fb,功,384,Series 2 Volume 2
5899e7defe6fca451b5906fc,加,385,Series 2 Volume 2
5899e7defe6fca451b59071d,史,418,Series 2 Volume 2
5899e7defe6fca451b590724,含,425,Series 2 Volume 2
5899e7defe6fca451b590730,喫,437,Series 2 Volume 2
5899e7defe6fca451b590739,圧,446,Series 2 Volume 2
5899e7defe6fca451b590773,就,504,Series 2 Volume 2
5899e7defe6fca451b59077d,州,514,Series 2 Volume 2
5899e7defe6fca451b590786,帯,523,Series 2 Volume 2
5899e7defe6fca451b59079b,役,544,Series 2 Volume 2
5899e7defe6fca451b59079c,彼,545,Series 2 Volume 2
5899e7defe6fca451b5907a4,志,553,Series 2 Volume 2
5899e7defe6fca451b5907a7,応,556,Series 2 Volume 2
5899e7defe6fca451b5907b5,想,570,Series 2 Volume 2
5899e7defe6fca451b5907d8,接,605,Series 2 Volume 2
5899e7defe6fca451b5907da,損,607,Series 2 Volume 2
5899e7defe6fca451b5907dd,改,610,Series 2 Volume 2
5899e7defe6fca451b5907e1,救,614,Series 2 Volume 2
5899e7defe6fca451b5907ea,昇,623,Series 2 Volume 2
5899e7defe6fca451b590800,束,645,Series 2 Volume 2
5899e7defe6fca451b590806,枝,651,Series 2 Volume 2
5899e7defe6fca451b590816,様,667,Series 2 Volume 2
5899e7defe6fca451b59081b,機,672,Series 2 Volume 2
5899e7defe6fca451b59082d,汗,690,Series 2 Volume 2
5899e7defe6fca451b590835,況,698,Series 2 Volume 2
5899e7defe6fca451b590620,校,165,Series 2 Volume 1
5899e7defe6fca451b590623,楽,168,Series 2 Volume 1
5899e7defe6fca451b59062c,民,177,Series 2 Volume 1
5899e7defe6fca451b590638,牛,189,Series 2 Volume 1
5899e7defe6fca451b59063a,特,191,Series 2 Volume 1
5899e7defe6fca451b590643,画,200,Series 2 Volume 1
5899e7defe6fca451b59064a,県,207,Series 2 Volume 1
5899e7defe6fca451b59064f,石,212,Series 2 Volume 1
5899e7defe6fca451b590656,立,219,Series 2 Volume 1
5899e7defe6fca451b59066d,親,242,Series 2 Volume 1
5899e7defe6fca451b590671,話,246,Series 2 Volume 1
5899e7defe6fca451b590689,重,270,Series 2 Volume 1
5899e7defe6fca451b59068a,野,271,Series 2 Volume 1
5899e7defe6fca451b5906aa,並,303,Series 2 Volume 2
5899e7defe6fca451b5906b9,付,318,Series 2 Volume 2
5899e7defe6fca451b5906bf,企,324,Series 2 Volume 2
5899e7defe6fca451b5906cb,係,336,Series 2 Volume 2
5899e7defe6fca451b5906dd,像,354,Series 2 Volume 2
5899e7defe6fca451b5906e0,兆,357,Series 2 Volume 2
5899e7defe6fca451b5906e4,共,361,Series 2 Volume 2
5899e7defe6fca451b5906ee,列,371,Series 2 Volume 2
5899e7defe6fca451b590714,参,409,Series 2 Volume 2
5899e7defe6fca451b590720,各,421,Series 2 Volume 2
5899e7defe6fca451b59073c,均,449,Series 2 Volume 2
5899e7defe6fca451b590762,宝,487,Series 2 Volume 2
5899e7defe6fca451b590764,客,489,Series 2 Volume 2
5899e7defe6fca451b590774,尾,505,Series 2 Volume 2
5899e7defe6fca451b59077b,岸,512,Series 2 Volume 2
5899e7defe6fca451b590781,巻,518,Series 2 Volume 2
5899e7defe6fca451b590795,康,538,Series 2 Volume 2
5899e7defe6fca451b5907ce,指,595,Series 2 Volume 2
5899e7defe6fca451b5907ed,星,626,Series 2 Volume 2
5899e7defe6fca451b5907f4,暮,633,Series 2 Volume 2
5899e7defe6fca451b5907fc,未,641,Series 2 Volume 2
5899e7defe6fca451b590810,械,661,Series 2 Volume 2
5899e7defe6fca451b590838,法,701,Series 2 Volume 2
5899e7defe6fca451b5905ef,年,116,Series 2 Volume 1
5899e7defe6fca451b590602,教,135,Series 2 Volume 1
5899e7defe6fca451b590614,最,153,Series 2 Volume 1
5899e7defe6fca451b59061b,机,160,Series 2 Volume 1
5899e7defe6fca451b590633,洗,184,Series 2 Volume 1
5899e7defe6fca451b59063c,理,193,Series 2 Volume 1
5899e7defe6fca451b59063e,産,195,Series 2 Volume 1
5899e7defe6fca451b590649,目,206,Series 2 Volume 1
5899e7defe6fca451b590663,自,232,Series 2 Volume 1
5899e7defe6fca451b590668,菜,237,Series 2 Volume 1
5899e7defe6fca451b59066c,見,241,Series 2 Volume 1
5899e7defe6fca451b590674,読,249,Series 2 Volume 1
5899e7defe6fca451b59067d,転,258,Series 2 Volume 1
5899e7defe6fca451b590682,週,263,Series 2 Volume 1
5899e7defe6fca451b5906a0,首,293,Series 2 Volume 1
5899e7defe6fca451b5906a5,魚,298,Series 2 Volume 1
5899e7defe6fca451b5906b4,亡,313,Series 2 Volume 2
5899e7defe6fca451b5906b5,交,314,Series 2 Volume 2
5899e7defe6fca451b5906ff,労,388,Series 2 Volume 2
5899e7defe6fca451b590704,募,393,Series 2 Volume 2
5899e7defe6fca451b590718,受,413,Series 2 Volume 2
5899e7defe6fca451b590729,呼,430,Series 2 Volume 2
5899e7defe6fca451b59072c,咲,433,Series 2 Volume 2
5899e7defe6fca451b590735,困,442,Series 2 Volume 2
5899e7defe6fca451b590740,埋,453,Series 2 Volume 2
5899e7defe6fca451b590751,奥,470,Series 2 Volume 2
5899e7defe6fca451b590769,寄,494,Series 2 Volume 2
5899e7defe6fca451b590779,層,510,Series 2 Volume 2
5899e7defe6fca451b5907c0,払,581,Series 2 Volume 2
5899e7defe6fca451b5907ca,招,591,Series 2 Volume 2
5899e7defe6fca451b5907d2,捨,599,Series 2 Volume 2
5899e7defe6fca451b5907dc,支,609,Series 2 Volume 2
5899e7defe6fca451b5907e7,断,620,Series 2 Volume 2
5899e7defe6fca451b5907f3,暖,632,Series 2 Volume 2
5899e7defe6fca451b5907f9,替,638,Series 2 Volume 2
5899e7defe6fca451b59080d,根,658,Series 2 Volume 2
5899e7defe6fca451b590822,歴,679,Series 2 Volume 2
5899e7defe6fca451b590830,河,693,Series 2 Volume 2
5899e7defe6fca451b590833,治,696,Series 2 Volume 2
5899e7defe6fca451b59083a,泣,703,Series 2 Volume 2
5899e7defe6fca451b5905db,妹,96,Series 2 Volume 1
5899e7defe6fca451b5905dd,始,98,Series 2 Volume 1
5899e7defe6fca451b5905e8,屋,109,Series 2 Volume 1
5899e7defe6fca451b590600,手,133,Series 2 Volume 1
5899e7defe6fca451b59060d,春,146,Series 2 Volume 1
5899e7defe6fca451b59060f,時,148,Series 2 Volume 1
5899e7defe6fca451b590617,服,156,Series 2 Volume 1
5899e7defe6fca451b590624,次,169,Series 2 Volume 1
5899e7defe6fca451b59063d,生,194,Series 2 Volume 1
5899e7defe6fca451b590647,白,204,Series 2 Volume 1
5899e7defe6fca451b590653,秋,216,Series 2 Volume 1
5899e7defe6fca451b590658,答,221,Series 2 Volume 1
5899e7defe6fca451b590684,運,265,Series 2 Volume 1
5899e7defe6fca451b590694,雨,281,Series 2 Volume 1
5899e7defe6fca451b590698,頭,285,Series 2 Volume 1
5899e7defe6fca451b5906af,乾,308,Series 2 Volume 2
5899e7defe6fca451b5906b3,互,312,Series 2 Volume 2
5899e7defe6fca451b5906d3,候,344,Series 2 Volume 2
5899e7defe6fca451b5906ec,刀,369,Series 2 Volume 2
5899e7defe6fca451b590703,勝,392,Series 2 Volume 2
5899e7defe6fca451b59071c,可,417,Series 2 Volume 2
5899e7defe6fca451b59072e,善,435,Series 2 Volume 2
5899e7defe6fca451b59074e,夫,467,Series 2 Volume 2
5899e7defe6fca451b590791,府,534,Series 2 Volume 2
5899e7defe6fca451b590794,庭,537,Series 2 Volume 2
5899e7defe6fca451b5907ba,成,575,Series 2 Volume 2
5899e7defe6fca451b5907d4,授,601,Series 2 Volume 2
5899e7defe6fca451b5907d9,換,606,Series 2 Volume 2
5899e7defe6fca451b5907db,操,608,Series 2 Volume 2
5899e7defe6fca451b5907f6,曇,635,Series 2 Volume 2
5899e7defe6fca451b5905ec,左,113,Series 2 Volume 1
5899e7defe6fca451b5905fe,意,131,Series 2 Volume 1
5899e7defe6fca451b590605,新,138,Series 2 Volume 1
5899e7defe6fca451b590612,曜,151,Series 2 Volume 1
5899e7defe6fca451b590616,有,155,Series 2 Volume 1
5899e7defe6fca451b590629,死,174,Series 2 Volume 1
5899e7defe6fca451b59062d,気,178,Series 2 Volume 1
5899e7defe6fca451b590634,海,185,Series 2 Volume 1
5899e7defe6fca451b590639,物,190,Series 2 Volume 1
5899e7defe6fca451b59063b,犬,192,Series 2 Volume 1
5899e7defe6fca451b590644,界,201,Series 2 Volume 1
5899e7defe6fca451b59065e,考,227,Series 2 Volume 1
5899e7defe6fca451b59066f,計,244,Series 2 Volume 1
5899e7defe6fca451b59067e,軽,259,Series 2 Volume 1
5899e7defe6fca451b5906d0,個,341,Series 2 Volume 2
5899e7defe6fca451b5906d1,倍,342,Series 2 Volume 2
5899e7defe6fca451b5906d5,偉,346,Series 2 Volume 2
5899e7defe6fca451b5906e8,再,365,Series 2 Volume 2
5899e7defe6fca451b5906eb,処,368,Series 2 Volume 2
5899e7defe6fca451b5906f2,制,375,Series 2 Volume 2
5899e7defe6fca451b590702,務,391,Series 2 Volume 2
5899e7defe6fca451b590715,双,410,Series 2 Volume 2
5899e7defe6fca451b590768,宿,493,Series 2 Volume 2
5899e7defe6fca451b590771,尊,502,Series 2 Volume 2
5899e7defe6fca451b59077a,岩,511,Series 2 Volume 2
5899e7defe6fca451b590787,常,524,Series 2 Volume 2
5899e7defe6fca451b590798,張,541,Series 2 Volume 2
5899e7defe6fca451b590799,当,542,Series 2 Volume 2
5899e7defe6fca451b59079d,律,546,Series 2 Volume 2
5899e7defe6fca451b59079e,徒,547,Series 2 Volume 2
5899e7defe6fca451b5907af,恥,564,Series 2 Volume 2
5899e7defe6fca451b5907bc,戸,577,Series 2 Volume 2
5899e7defe6fca451b5907e2,敗,615,Series 2 Volume 2
5899e7defe6fca451b5907f5,暴,634,Series 2 Volume 2
5899e7defe6fca451b590813,検,664,Series 2 Volume 2
5899e7defe6fca451b590815,構,666,Series 2 Volume 2
5899e7defe6fca451b5905bd,古,66,Series 2 Volume 1
5899e7defe6fca451b5905df,字,100,Series 2 Volume 1
5899e7defe6fca451b5905e4,寒,105,Series 2 Volume 1
5899e7defe6fca451b5905eb,工,112,Series 2 Volume 1
5899e7defe6fca451b5905f0,広,117,Series 2 Volume 1
5899e7defe6fca451b590606,方,139,Series 2 Volume 1
5899e7defe6fca451b590628,歩,173,Series 2 Volume 1
5899e7defe6fca451b59062e,水,179,Series 2 Volume 1
5899e7defe6fca451b590632,洋,183,Series 2 Volume 1
5899e7defe6fca451b590665,花,234,Series 2 Volume 1
5899e7defe6fca451b5906a6,鳥,299,Series 2 Volume 1
5899e7defe6fca451b5906b2,争,311,Series 2 Volume 2
5899e7defe6fca451b5906c4,似,329,Series 2 Volume 2
5899e7defe6fca451b5906cc,促,337,Series 2 Volume 2
5899e7defe6fca451b5906f0,判,373,Series 2 Volume 2
5899e7defe6fca451b590725,吸,426,Series 2 Volume 2
5899e7defe6fca451b590727,告,428,Series 2 Volume 2
5899e7defe6fca451b59072a,命,431,Series 2 Volume 2
5899e7defe6fca451b59073b,坂,448,Series 2 Volume 2
5899e7defe6fca451b59075d,守,482,Series 2 Volume 2
5899e7defe6fca451b59076b,寝,496,Series 2 Volume 2
5899e7defe6fca451b590789,幅,526,Series 2 Volume 2
5899e7defe6fca451b590796,延,539,Series 2 Volume 2
5899e7defe6fca451b59079a,形,543,Series 2 Volume 2
5899e7defe6fca451b5907ad,恋,562,Series 2 Volume 2
5899e7defe6fca451b5907b6,愛,571,Series 2 Volume 2
5899e7defe6fca451b5907c9,担,590,Series 2 Volume 2
5899e7defe6fca451b5907e3,散,616,Series 2 Volume 2
5899e7defe6fca451b590802,杯,647,Series 2 Volume 2
5899e7defe6fca451b590803,板,648,Series 2 Volume 2
5899e7defe6fca451b590805,果,650,Series 2 Volume 2
5899e7defe6fca451b590809,柱,654,Series 2 Volume 2
5899e7defe6fca451b59080a,査,655,Series 2 Volume 2
5899e7defe6fca451b59081c,欠,673,Series 2 Volume 2
5899e7defe6fca451b590837,泊,700,Series 2 Volume 2
5899e7defe6fca451b5905c8,回,77,Series 2 Volume 1
5899e7defe6fca451b5905e5,寺,106,Series 2 Volume 1
5899e7defe6fca451b590611,暗,150,Series 2 Volume 1
5899e7defe6fca451b590618,朝,157,Series 2 Volume 1
5899e7defe6fca451b590619,木,158,Series 2 Volume 1
5899e7defe6fca451b590645,病,202,Series 2 Volume 1
5899e7defe6fca451b59067f,近,260,Series 2 Volume 1
5899e7defe6fca451b59068c,銀,273,Series 2 Volume 1
5899e7defe6fca451b59068e,門,275,Series 2 Volume 1
5899e7defe6fca451b5906b1,予,310,Series 2 Volume 2
5899e7defe6fca451b5906bc,仲,321,Series 2 Volume 2
5899e7defe6fca451b5906c2,伸,327,Series 2 Volume 2
5899e7defe6fca451b5906c3,伺,328,Series 2 Volume 2
5899e7defe6fca451b5906d7,健,348,Series 2 Volume 2
5899e7defe6fca451b5906da,備,351,Series 2 Volume 2
5899e7defe6fca451b5906e5,兵,362,Series 2 Volume 2
5899e7defe6fca451b590705,勢,394,Series 2 Volume 2
5899e7defe6fca451b590706,勤,395,Series 2 Volume 2
5899e7defe6fca451b590710,卵,405,Series 2 Volume 2
5899e7defe6fca451b59072b,和,432,Series 2 Volume 2
5899e7defe6fca451b59072f,喜,436,Series 2 Volume 2
5899e7defe6fca451b59073a,在,447,Series 2 Volume 2
5899e7defe6fca451b590746,塗,459,Series 2 Volume 2
5899e7defe6fca451b59074f,央,468,Series 2 Volume 2
5899e7defe6fca451b590754,委,473,Series 2 Volume 2
5899e7defe6fca451b590759,季,478,Series 2 Volume 2
5899e7defe6fca451b590760,宙,485,Series 2 Volume 2
5899e7defe6fca451b590778,展,509,Series 2 Volume 2
5899e7defe6fca451b5907a2,復,551,Series 2 Volume 2
5899e7defe6fca451b5907a3,必,552,Series 2 Volume 2
5899e7defe6fca451b5907bd,戻,578,Series 2 Volume 2
5899e7defe6fca451b5907c1,批,582,Series 2 Volume 2
5899e7defe6fca451b5907c8,押,589,Series 2 Volume 2
5899e7defe6fca451b5907e5,数,618,Series 2 Volume 2
5899e7defe6fca451b590807,枯,652,Series 2 Volume 2
5899e7defe6fca451b59080f,案,660,Series 2 Volume 2
5899e7defe6fca451b590826,殿,683,Series 2 Volume 2
5899e7defe6fca451b59082e,汚,691,Series 2 Volume 2
5899e7defe6fca451b590844,液,713,Series 2 Volume 2
5899e7defe6fca451b590856,滴,731,Series 2 Volume 2
5899e7defe6fca451b59085c,灰,737,Series 2 Volume 2
5899e7defe6fca451b590871,王,758,Series 2 Volume 2
5899e7defe6fca451b590873,現,760,Series 2 Volume 2
5899e7defe6fca451b590882,痛,775,Series 2 Volume 2
5899e7defe6fca451b5908b8,精,829,Series 2 Volume 2
5899e7defe6fca451b5908e4,腰,873,Series 2 Volume 2
5899e7defe6fca451b5908f9,葉,894,Series 2 Volume 2
5899e7defe6fca451b5908fb,蒸,896,Series 2 Volume 2
5899e7defe6fca451b590908,製,909,Series 2 Volume 2
5899e7defe6fca451b59090d,覧,914,Series 2 Volume 2
5899e7defe6fca451b590932,責,951,Series 2 Volume 2
5899e7defe6fca451b59093a,賢,959,Series 2 Volume 2
5899e7defe6fca451b590942,軒,967,Series 2 Volume 2
5899e7defe6fca451b590943,軟,968,Series 2 Volume 2
5899e7defe6fca451b59095e,選,995,Series 2 Volume 2
5899e7defe6fca451b590847,混,716,Series 2 Volume 2
5899e7defe6fca451b59085d,炭,738,Series 2 Volume 2
5899e7defe6fca451b59086b,状,752,Series 2 Volume 2
5899e7defe6fca451b59087e,異,771,Series 2 Volume 2
5899e7defe6fca451b59089a,祭,799,Series 2 Volume 2
5899e7defe6fca451b59089e,秒,803,Series 2 Volume 2
5899e7defe6fca451b5908b5,簡,826,Series 2 Volume 2
5899e7defe6fca451b5908bd,細,834,Series 2 Volume 2
5899e7defe6fca451b5908d0,置,853,Series 2 Volume 2
5899e7defe6fca451b5908d2,美,855,Series 2 Volume 2
5899e7defe6fca451b5908e3,腕,872,Series 2 Volume 2
5899e7defe6fca451b5908ee,般,883,Series 2 Volume 2
5899e7defe6fca451b5908ef,船,884,Series 2 Volume 2
5899e7defe6fca451b59091c,認,929,Series 2 Volume 2
5899e7defe6fca451b590938,賛,957,Series 2 Volume 2
5899e7defe6fca451b590940,身,965,Series 2 Volume 2
5899e7defe6fca451b590949,農,974,Series 2 Volume 2
5899e7defe6fca451b590952,逃,983,Series 2 Volume 2
5899e7defe6fca451b590953,逆,984,Series 2 Volume 2
5899e7defe6fca451b59083e,流,707,Series 2 Volume 2
5899e7defe6fca451b590849,済,718,Series 2 Volume 2
5899e7defe6fca451b59083d,活,706,Series 2 Volume 2
5899e7defe6fca451b590845,涼,714,Series 2 Volume 2
5899e7defe6fca451b59085a,濯,735,Series 2 Volume 2
5899e7defe6fca451b590870,玉,757,Series 2 Volume 2
5899e7defe6fca451b59087a,留,767,Series 2 Volume 2
5899e7defe6fca451b590880,疑,773,Series 2 Volume 2
5899e7defe6fca451b590887,皮,780,Series 2 Volume 2
5899e7defe6fca451b59088b,相,784,Series 2 Volume 2
5899e7defe6fca451b59088c,省,785,Series 2 Volume 2
5899e7defe6fca451b59089b,禁,800,Series 2 Volume 2
5899e7defe6fca451b5908a7,童,812,Series 2 Volume 2
5899e7defe6fca451b5908ab,第,816,Series 2 Volume 2
5899e7defe6fca451b5908b3,節,824,Series 2 Volume 2
5899e7defe6fca451b5908ba,紅,831,Series 2 Volume 2
5899e7defe6fca451b5908e5,腹,874,Series 2 Volume 2
5899e7defe6fca451b590902,表,903,Series 2 Volume 2
5899e7defe6fca451b59090e,観,915,Series 2 Volume 2
5899e7defe6fca451b59090f,角,916,Series 2 Volume 2
5899e7defe6fca451b590934,費,953,Series 2 Volume 2
5899e7defe6fca451b590947,辛,972,Series 2 Volume 2
5899e7defe6fca451b59094d,返,978,Series 2 Volume 2
5899e7defe6fca451b590960,郵,997,Series 2 Volume 2
5899e7defe6fca451b590961,配,998,Series 2 Volume 2
5899e7defe6fca451b590840,浮,709,Series 2 Volume 2
5899e7defe6fca451b590872,珍,759,Series 2 Volume 2
5899e7defe6fca451b590867,爆,748,Series 2 Volume 2
5899e7defe6fca451b590875,環,762,Series 2 Volume 2
5899e7defe6fca451b590885,的,778,Series 2 Volume 2
5899e7defe6fca451b59089f,移,804,Series 2 Volume 2
5899e7defe6fca451b5908a3,積,808,Series 2 Volume 2
5899e7defe6fca451b5908b1,管,822,Series 2 Volume 2
5899e7defe6fca451b5908b6,粉,827,Series 2 Volume 2
5899e7defe6fca451b5908c9,緑,846,Series 2 Volume 2
5899e7defe6fca451b5908e6,膚,875,Series 2 Volume 2
5899e7defe6fca451b5908f3,苦,888,Series 2 Volume 2
5899e7defe6fca451b5908f4,草,889,Series 2 Volume 2
5899e7defe6fca451b590906,裏,907,Series 2 Volume 2
5899e7defe6fca451b590926,警,939,Series 2 Volume 2
5899e7defe6fca451b590928,谷,941,Series 2 Volume 2
5899e7defe6fca451b590948,辞,973,Series 2 Volume 2
5899e7defe6fca451b590951,退,982,Series 2 Volume 2
5899e7defe6fca451b590956,造,987,Series 2 Volume 2
5899e7defe6fca451b59084d,測,722,Series 2 Volume 2
5899e7defe6fca451b590853,満,728,Series 2 Volume 2
5899e7defe6fca451b590855,溶,730,Series 2 Volume 2
5899e7defe6fca451b59086e,猫,755,Series 2 Volume 2
5899e7defe6fca451b590878,申,765,Series 2 Volume 2
5899e7defe6fca451b59087b,畜,768,Series 2 Volume 2
5899e7defe6fca451b590883,療,776,Series 2 Volume 2
5899e7defe6fca451b5908a9,笑,814,Series 2 Volume 2
5899e7defe6fca451b5908aa,符,815,Series 2 Volume 2
5899e7defe6fca451b5908b4,築,825,Series 2 Volume 2
5899e7defe6fca451b5908c3,給,840,Series 2 Volume 2
5899e7defe6fca451b5908c7,綿,844,Series 2 Volume 2
5899e7defe6fca451b5908ce,績,851,Series 2 Volume 2
5899e7defe6fca451b5908cf,罪,852,Series 2 Volume 2
5899e7defe6fca451b5908d6,老,859,Series 2 Volume 2
5899e7defe6fca451b5908da,肩,863,Series 2 Volume 2
5899e7defe6fca451b5908e7,臓,876,Series 2 Volume 2
5899e7defe6fca451b5908ed,航,882,Series 2 Volume 2
5899e7defe6fca451b5908fe,虫,899,Series 2 Volume 2
5899e7defe6fca451b590912,訓,919,Series 2 Volume 2
5899e7defe6fca451b590918,評,925,Series 2 Volume 2
5899e7defe6fca451b590930,貨,949,Series 2 Volume 2
5899e7defe6fca451b590936,賃,955,Series 2 Volume 2
5899e7defe6fca451b590937,資,956,Series 2 Volume 2
5899e7defe6fca451b59095b,達,992,Series 2 Volume 2
5899e7defe6fca451b59095f,郊,996,Series 2 Volume 2
5899e7defe6fca451b590843,涙,712,Series 2 Volume 2
5899e7defe6fca451b59084c,温,721,Series 2 Volume 2
5899e7defe6fca451b590862,煙,743,Series 2 Volume 2
5899e7defe6fca451b590869,版,750,Series 2 Volume 2
5899e7defe6fca451b590895,礼,794,Series 2 Volume 2
5899e7defe6fca451b5908ac,筆,817,Series 2 Volume 2
5899e7defe6fca451b5908b9,約,830,Series 2 Volume 2
5899e7defe6fca451b5908c1,結,838,Series 2 Volume 2
5899e7defe6fca451b590924,講,937,Series 2 Volume 2
5899e7defe6fca451b59092a,豊,943,Series 2 Volume 2
5899e7defe6fca451b590944,較,969,Series 2 Volume 2
5899e7defe6fca451b590958,遅,989,Series 2 Volume 2
5899e7defe6fca451b590848,清,717,Series 2 Volume 2
5899e7defe6fca451b590841,浴,710,Series 2 Volume 2
5899e7defe6fca451b59084f,湖,724,Series 2 Volume 2
5899e7defe6fca451b590852,湿,727,Series 2 Volume 2
5899e7defe6fca451b59087f,畳,772,Series 2 Volume 2
5899e7defe6fca451b590884,登,777,Series 2 Volume 2
5899e7defe6fca451b590891,硬,790,Series 2 Volume 2
5899e7defe6fca451b590893,磨,792,Series 2 Volume 2
5899e7defe6fca451b5908d3,群,856,Series 2 Volume 2
5899e7defe6fca451b5908db,肯,864,Series 2 Volume 2
5899e7defe6fca451b5908f2,若,887,Series 2 Volume 2
5899e7defe6fca451b5908f6,荷,891,Series 2 Volume 2
5899e7defe6fca451b590901,衣,902,Series 2 Volume 2
5899e7defe6fca451b59091f,課,932,Series 2 Volume 2
5899e7defe6fca451b590931,販,950,Series 2 Volume 2
5899e7defe6fca451b59093d,越,962,Series 2 Volume 2
5899e7defe6fca451b59094f,迷,980,Series 2 Volume 2
5899e7defe6fca451b590963,里,1000,Series 2 Volume 2
5899e7defe6fca451b59083c,泳,705,Series 2 Volume 2
5899e7defe6fca451b59083f,浅,708,Series 2 Volume 2
5899e7defe6fca451b59084a,減,719,Series 2 Volume 2
5899e7defe6fca451b590851,湾,726,Series 2 Volume 2
5899e7defe6fca451b59085f,無,740,Series 2 Volume 2
5899e7defe6fca451b590890,破,789,Series 2 Volume 2
5899e7defe6fca451b590897,祖,796,Series 2 Volume 2
5899e7defe6fca451b5908a8,競,813,Series 2 Volume 2
5899e7defe6fca451b5908b0,算,821,Series 2 Volume 2
5899e7defe6fca451b5908b7,粒,828,Series 2 Volume 2
5899e7defe6fca451b5908ca,緒,847,Series 2 Volume 2
5899e7defe6fca451b5908d5,翌,858,Series 2 Volume 2
5899e7defe6fca451b5908f1,芸,886,Series 2 Volume 2
5899e7defe6fca451b5908f8,落,893,Series 2 Volume 2
5899e7defe6fca451b5908fa,著,895,Series 2 Volume 2
5899e7defe6fca451b590907,補,908,Series 2 Volume 2
5899e7defe6fca451b590916,許,923,Series 2 Volume 2
5899e7defe6fca451b59091d,誕,930,Series 2 Volume 2
5899e7defe6fca451b59092b,象,944,Series 2 Volume 2
5899e7defe6fca451b59092f,貧,948,Series 2 Volume 2
5899e7defe6fca451b59093c,超,961,Series 2 Volume 2
5899e7defe6fca451b59094b,込,976,Series 2 Volume 2
5899e7defe6fca451b59094e,述,979,Series 2 Volume 2
5899e7defe6fca451b590955,速,986,Series 2 Volume 2
5899e7defe6fca451b590957,連,988,Series 2 Volume 2
5899e7defe6fca451b59095d,適,994,Series 2 Volume 2
5899e7defe6fca451b590846,深,715,Series 2 Volume 2
5899e7defe6fca451b59084e,港,723,Series 2 Volume 2
5899e7defe6fca451b590858,演,733,Series 2 Volume 2
5899e7defe6fca451b59086a,犯,751,Series 2 Volume 2
5899e7defe6fca451b590879,畑,766,Series 2 Volume 2
5899e7defe6fca451b59088a,直,783,Series 2 Volume 2
5899e7defe6fca451b59088d,看,786,Series 2 Volume 2
5899e7defe6fca451b59088f,砂,788,Series 2 Volume 2
5899e7defe6fca451b590896,祈,795,Series 2 Volume 2
5899e7defe6fca451b590898,祝,797,Series 2 Volume 2
5899e7defe6fca451b5908a5,窓,810,Series 2 Volume 2
5899e7defe6fca451b5908ae,筒,819,Series 2 Volume 2
5899e7defe6fca451b5908cb,線,848,Series 2 Volume 2
5899e7defe6fca451b5908d4,羽,857,Series 2 Volume 2
5899e7defe6fca451b5908ff,血,900,Series 2 Volume 2
5899e7defe6fca451b590909,複,910,Series 2 Volume 2
5899e7defe6fca451b590913,記,920,Series 2 Volume 2
5899e7defe6fca451b590914,訪,921,Series 2 Volume 2
5899e7defe6fca451b59095a,過,991,Series 2 Volume 2
5899e7defe6fca451b590863,照,744,Series 2 Volume 2
5899e7defe6fca451b59086c,独,753,Series 2 Volume 2
5899e7defe6fca451b59086f,率,756,Series 2 Volume 2
5899e7defe6fca451b590889,盗,782,Series 2 Volume 2
5899e7defe6fca451b5908c0,経,837,Series 2 Volume 2
5899e7defe6fca451b5908c6,続,843,Series 2 Volume 2
5899e7defe6fca451b5908df,胸,868,Series 2 Volume 2
5899e7defe6fca451b590859,濃,734,Series 2 Volume 2
5899e7defe6fca451b5908f5,荒,890,Series 2 Volume 2
5899e7defe6fca451b5908fc,蔵,897,Series 2 Volume 2
5899e7defe6fca451b59090a,要,911,Series 2 Volume 2
5899e7defe6fca451b59090b,規,912,Series 2 Volume 2
5899e7defe6fca451b59090c,覚,913,Series 2 Volume 2
5899e7defe6fca451b590910,解,917,Series 2 Volume 2
5899e7defe6fca451b590919,詞,926,Series 2 Volume 2
5899e7defe6fca451b590922,論,935,Series 2 Volume 2
5899e7defe6fca451b59093b,贈,960,Series 2 Volume 2
5899e7defe6fca451b590946,輸,971,Series 2 Volume 2
5899e7defe6fca451b590959,遊,990,Series 2 Volume 2
5899e7defe6fca451b590854,準,729,Series 2 Volume 2
5899e7defe6fca451b590857,漁,732,Series 2 Volume 2
5899e7defe6fca451b590860,然,741,Series 2 Volume 2
5899e7defe6fca451b590868,片,749,Series 2 Volume 2
5899e7defe6fca451b590874,球,761,Series 2 Volume 2
5899e7defe6fca451b590894,示,793,Series 2 Volume 2
5899e7defe6fca451b590899,神,798,Series 2 Volume 2
5899e7defe6fca451b5908c8,総,845,Series 2 Volume 2
5899e7defe6fca451b5908d9,肌,862,Series 2 Volume 2
5899e7defe6fca451b5908dd,胃,866,Series 2 Volume 2
5899e7defe6fca451b590911,触,918,Series 2 Volume 2
5899e7defe6fca451b590917,訳,924,Series 2 Volume 2
5899e7defe6fca451b590929,豆,942,Series 2 Volume 2
5899e7defe6fca451b59093f,踊,964,Series 2 Volume 2
5899e7defe6fca451b59095c,違,993,Series 2 Volume 2
5899e7defe6fca451b590962,酒,999,Series 2 Volume 2
5899e7defe6fca451b59084b,渡,720,Series 2 Volume 2
5899e7defe6fca451b590865,燃,746,Series 2 Volume 2
5899e7defe6fca451b59089c,福,801,Series 2 Volume 2
5899e7defe6fca451b59089d,科,802,Series 2 Volume 2
5899e7defe6fca451b5908a2,種,807,Series 2 Volume 2
5899e7defe6fca451b5908ad,等,818,Series 2 Volume 2
5899e7defe6fca451b5908c4,絵,841,Series 2 Volume 2
5899e7defe6fca451b5908cd,練,850,Series 2 Volume 2
5899e7defe6fca451b5908d1,署,854,Series 2 Volume 2
5899e7defe6fca451b5908dc,育,865,Series 2 Volume 2
5899e7defe6fca451b5908de,背,867,Series 2 Volume 2
5899e7defe6fca451b5908ea,致,879,Series 2 Volume 2
5899e7defe6fca451b590903,袋,904,Series 2 Volume 2
5899e7defe6fca451b590905,装,906,Series 2 Volume 2
5899e7defe6fca451b59091b,誌,928,Series 2 Volume 2
5899e7defe6fca451b590920,調,933,Series 2 Volume 2
5899e7defe6fca451b590921,談,934,Series 2 Volume 2
5899e7defe6fca451b59092d,負,946,Series 2 Volume 2
5899e7defe6fca451b590933,貯,952,Series 2 Volume 2
5899e7defe6fca451b590935,貿,954,Series 2 Volume 2
5899e7defe6fca451b590939,賞,958,Series 2 Volume 2
5899e7defe6fca451b590941,軍,966,Series 2 Volume 2
5899e7defe6fca451b59094c,迎,977,Series 2 Volume 2
5899e7defe6fca451b590850,湯,725,Series 2 Volume 2
5899e7defe6fca451b590886,皆,779,Series 2 Volume 2
5899e7defe6fca451b590888,皿,781,Series 2 Volume 2
5899e7defe6fca451b5908a4,突,809,Series 2 Volume 2
5899e7defe6fca451b5908bf,組,836,Series 2 Volume 2
5899e7defe6fca451b5908c5,絶,842,Series 2 Volume 2
5899e7defe6fca451b5908cc,編,849,Series 2 Volume 2
5899e7defe6fca451b590915,設,922,Series 2 Volume 2
5899e7defe6fca451b59091e,誤,931,Series 2 Volume 2
5899e7defe6fca451b590925,識,938,Series 2 Volume 2
5899e7defe6fca451b590945,輪,970,Series 2 Volume 2
5899e7defe6fca451b590954,途,985,Series 2 Volume 2
5899e7defe6fca451b590842,消,711,Series 2 Volume 2
5899e7defe6fca451b59085e,点,739,Series 2 Volume 2
5899e7defe6fca451b590861,焼,742,Series 2 Volume 2
5899e7defe6fca451b590866,燥,747,Series 2 Volume 2
5899e7defe6fca451b59087d,番,770,Series 2 Volume 2
5899e7defe6fca451b590881,疲,774,Series 2 Volume 2
5899e7defe6fca451b590892,確,791,Series 2 Volume 2
5899e7defe6fca451b5908af,策,820,Series 2 Volume 2
5899e7defe6fca451b5908b2,箱,823,Series 2 Volume 2
5899e7defe6fca451b5908bc,級,833,Series 2 Volume 2
5899e7defe6fca451b5908be,紹,835,Series 2 Volume 2
5899e7defe6fca451b5908d7,耕,860,Series 2 Volume 2
5899e7defe6fca451b5908e0,能,869,Series 2 Volume 2
5899e7defe6fca451b5908e2,脳,871,Series 2 Volume 2
5899e7defe6fca451b5908e8,臣,877,Series 2 Volume 2
5899e7defe6fca451b5908ec,舟,881,Series 2 Volume 2
5899e7defe6fca451b5908f7,菓,892,Series 2 Volume 2
5899e7defe6fca451b590900,術,901,Series 2 Volume 2
5899e7defe6fca451b590904,被,905,Series 2 Volume 2
5899e7defe6fca451b590923,諸,936,Series 2 Volume 2
5899e7defe6fca451b59093e,路,963,Series 2 Volume 2
5899e7defe6fca451b59085b,灯,736,Series 2 Volume 2
5899e7defe6fca451b590864,熱,745,Series 2 Volume 2
5899e7defe6fca451b59086d,狭,754,Series 2 Volume 2
5899e7defe6fca451b5908a6,章,811,Series 2 Volume 2
5899e7defe6fca451b5908c2,絡,839,Series 2 Volume 2
5899e7defe6fca451b5908d8,職,861,Series 2 Volume 2
5899e7defe6fca451b5908e1,脂,870,Series 2 Volume 2
5899e7defe6fca451b59091a,詰,927,Series 2 Volume 2
5899e7defe6fca451b590876,甘,763,Series 2 Volume 2
5899e7defe6fca451b590877,由,764,Series 2 Volume 2
5899e7defe6fca451b59087c,略,769,Series 2 Volume 2
5899e7defe6fca451b59088e,眠,787,Series 2 Volume 2
5899e7defe6fca451b5908a0,程,805,Series 2 Volume 2
5899e7defe6fca451b5908a1,税,806,Series 2 Volume 2
5899e7defe6fca451b5908bb,純,832,Series 2 Volume 2
5899e7defe6fca451b5908e9,至,878,Series 2 Volume 2
5899e7defe6fca451b5908eb,舞,880,Series 2 Volume 2
5899e7defe6fca451b5908f0,良,885,Series 2 Volume 2
5899e7defe6fca451b5908fd,薄,898,Series 2 Volume 2
5899e7defe6fca451b590927,議,940,Series 2 Volume 2
5899e7defe6fca451b59092c,貝,945,Series 2 Volume 2
5899e7defe6fca451b59092e,財,947,Series 2 Volume 2
5899e7defe6fca451b59094a,辺,975,Series 2 Volume 2
5899e7defe6fca451b590950,追,981,Series 2 Volume 2
5899e7defe6fca451b590976,際,1019,Series 2 Volume 2
5899e7defe6fca451b590967,鉄,1004,Series 2 Volume 2
5899e7defe6fca451b59096e,降,1011,Series 2 Volume 2
5899e7defe6fca451b590986,領,1035,Series 2 Volume 2
5899e7defe6fca451b59096f,限,1012,Series 2 Volume 2
5899e7defe6fca451b590968,鉱,1005,Series 2 Volume 2
5899e7defe6fca451b59098f,骨,1044,Series 2 Volume 2
5899e7defe6fca451b5909a0,亭,1061,Series 2 Volume 3
5899e7defe6fca451b59099b,乏,1056,Series 2 Volume 3
5899e7defe6fca451b59099e,亜,1059,Series 2 Volume 3
5899e7defe6fca451b590995,齢,1050,Series 2 Volume 2
5899e7defe6fca451b59099f,享,1060,Series 2 Volume 3
5899e7defe6fca451b59097a,雪,1023,Series 2 Volume 2
5899e7defe6fca451b59097b,雲,1024,Series 2 Volume 2
5899e7defe6fca451b590984,順,1033,Series 2 Volume 2
5899e7defe6fca451b590993,黄,1048,Series 2 Volume 2
5899e7defe6fca451b59097f,非,1028,Series 2 Volume 2
5899e7defe6fca451b590973,陽,1016,Series 2 Volume 2
5899e7defe6fca451b59096a,鋭,1007,Series 2 Volume 2
5899e7defe6fca451b590964,量,1001,Series 2 Volume 2
5899e7defe6fca451b59096d,防,1010,Series 2 Volume 2
5899e7defe6fca451b590985,預,1034,Series 2 Volume 2
5899e7defe6fca451b590991,鳴,1046,Series 2 Volume 2
5899e7defe6fca451b590978,雑,1021,Series 2 Volume 2
5899e7defe6fca451b59097c,零,1025,Series 2 Volume 2
5899e7defe6fca451b590982,靴,1031,Series 2 Volume 2
5899e7defe6fca451b590989,願,1038,Series 2 Volume 2
5899e7defe6fca451b59098e,驚,1043,Series 2 Volume 2
5899e7defe6fca451b59099c,乙,1057,Series 2 Volume 3
5899e7defe6fca451b590965,針,1002,Series 2 Volume 2
5899e7defe6fca451b590983,頂,1032,Series 2 Volume 2
5899e7defe6fca451b590980,面,1029,Series 2 Volume 2
5899e7defe6fca451b590990,髪,1045,Series 2 Volume 2
5899e7defe6fca451b5909a1,仁,1062,Series 2 Volume 3
5899e7defe6fca451b59099d,井,1058,Series 2 Volume 3
5899e7defe6fca451b59096b,録,1008,Series 2 Volume 2
5899e7defe6fca451b59098a,類,1039,Series 2 Volume 2
5899e7defe6fca451b59098b,飛,1040,Series 2 Volume 2
5899e7defe6fca451b5909a2,仙,1063,Series 2 Volume 3
5899e7defe6fca451b590970,除,1013,Series 2 Volume 2
5899e7defe6fca451b590979,難,1022,Series 2 Volume 2
5899e7defe6fca451b59097e,静,1027,Series 2 Volume 2
5899e7defe6fca451b590997,丈,1052,Series 2 Volume 3
5899e7defe6fca451b59097d,震,1026,Series 2 Volume 2
5899e7defe6fca451b59098c,香,1041,Series 2 Volume 2
5899e7defe6fca451b590999,丙,1054,Series 2 Volume 3
5899e7defe6fca451b59096c,関,1009,Series 2 Volume 2
5899e7defe6fca451b590977,雇,1020,Series 2 Volume 2
5899e7defe6fca451b590966,鈍,1003,Series 2 Volume 2
5899e7defe6fca451b590971,陸,1014,Series 2 Volume 2
5899e7defe6fca451b590987,頼,1036,Series 2 Volume 2
5899e7defe6fca451b59098d,駐,1042,Series 2 Volume 2
5899e7defe6fca451b590996,丁,1051,Series 2 Volume 3
5899e7defe6fca451b59099a,丹,1055,Series 2 Volume 3
5899e7defe6fca451b590988,額,1037,Series 2 Volume 2
5899e7defe6fca451b590998,丘,1053,Series 2 Volume 3
5899e7defe6fca451b590969,銅,1006,Series 2 Volume 2
5899e7defe6fca451b590975,階,1018,Series 2 Volume 2
5899e7defe6fca451b590972,険,1015,Series 2 Volume 2
5899e7defe6fca451b590974,隅,1017,Series 2 Volume 2
5899e7defe6fca451b590981,革,1030,Series 2 Volume 2
5899e7defe6fca451b590992,麦,1047,Series 2 Volume 2
5899e7defe6fca451b590994,鼻,1049,Series 2 Volume 2
5899e7defe6fca451b5909a3,仰,1064,Series 2 Volume 3
5899e7defe6fca451b5909b5,倹,1082,Series 2 Volume 3
5899e7defe6fca451b5909ca,冗,1103,Series 2 Volume 3
5899e7defe6fca451b5909a9,併,1070,Series 2 Volume 3
5899e7defe6fca451b5909bd,債,1090,Series 2 Volume 3
5899e7defe6fca451b5909bb,傘,1088,Series 2 Volume 3
5899e7defe6fca451b5909c3,償,1096,Series 2 Volume 3
5899e7defe6fca451b5909c5,克,1098,Series 2 Volume 3
5899e7defe6fca451b5909c6,免,1099,Series 2 Volume 3
5899e7defe6fca451b5909d0,凸,1109,Series 2 Volume 3
5899e7defe6fca451b5909ef,及,1140,Series 2 Volume 3
5899e7defe6fca451b590a13,堪,1176,Series 2 Volume 3
5899e7defe6fca451b590a52,尉,1239,Series 2 Volume 3
5899e7defe6fca451b590a87,径,1292,Series 2 Volume 3
5899e7defe6fca451b590a91,怠,1302,Series 2 Volume 3
5899e7defe6fca451b590aae,憂,1331,Series 2 Volume 3
5899e7defe6fca451b590ab9,戒,1342,Series 2 Volume 3
5899e7defe6fca451b590ac7,抹,1356,Series 2 Volume 3
5899e7defe6fca451b590acd,拘,1362,Series 2 Volume 3
5899e7defe6fca451b590ae9,摂,1390,Series 2 Volume 3
5899e7defe6fca451b590b02,旬,1415,Series 2 Volume 3
5899e7defe6fca451b590b06,晶,1419,Series 2 Volume 3
5899e7defe6fca451b590b09,暦,1422,Series 2 Volume 3
5899e7defe6fca451b590b0c,朗,1425,Series 2 Volume 3
5899e7defe6fca451b590b17,某,1436,Series 2 Volume 3
5899e7defe6fca451b590b26,棺,1451,Series 2 Volume 3
5899e7defe6fca451b590b3d,泌,1474,Series 2 Volume 3
5899e7defe6fca451b590b78,狩,1533,Series 2 Volume 3
5899e7defe6fca451b590b80,獲,1541,Series 2 Volume 3
5899e7defe6fca451b590b8b,疫,1552,Series 2 Volume 3
5899e7defe6fca451b590baf,票,1588,Series 2 Volume 3
5899e7defe6fca451b590bbb,穀,1600,Series 2 Volume 3
5899e7defe6fca451b590bc0,窃,1605,Series 2 Volume 3
5899e7defe6fca451b590bc4,竜,1609,Series 2 Volume 3
5899e7defe6fca451b590bcf,粘,1620,Series 2 Volume 3
5899e7defe6fca451b590bd8,納,1629,Series 2 Volume 3
5899e7defe6fca451b590be4,継,1641,Series 2 Volume 3
5899e7defe6fca451b590bed,縄,1650,Series 2 Volume 3
5899e7defe6fca451b590c01,耗,1670,Series 2 Volume 3
5899e7defe6fca451b590c04,肖,1673,Series 2 Volume 3
5899e7defe6fca451b590c0c,胞,1681,Series 2 Volume 3
5899e7defe6fca451b590c27,菊,1708,Series 2 Volume 3
5899e7defe6fca451b590c48,覆,1741,Series 2 Volume 3
5899e7defe6fca451b590c5c,誠,1761,Series 2 Volume 3
5899e7defe6fca451b5909b2,倉,1079,Series 2 Volume 3
5899e7defe6fca451b5909ce,凡,1107,Series 2 Volume 3
5899e7defe6fca451b5909d2,刃,1111,Series 2 Volume 3
5899e7defe6fca451b5909e2,勲,1127,Series 2 Volume 3
5899e7defe6fca451b5909f2,吉,1143,Series 2 Volume 3
5899e7defe6fca451b590a01,喚,1158,Series 2 Volume 3
5899e7defe6fca451b590a05,嘆,1162,Series 2 Volume 3
5899e7defe6fca451b590a08,囚,1165,Series 2 Volume 3
5899e7defe6fca451b590a23,壱,1192,Series 2 Volume 3
5899e7defe6fca451b590a25,奉,1194,Series 2 Volume 3
5899e7defe6fca451b590a2a,奪,1199,Series 2 Volume 3
5899e7defe6fca451b590a3a,媒,1215,Series 2 Volume 3
5899e7defe6fca451b590a3c,嫌,1217,Series 2 Volume 3
5899e7defe6fca451b590a3f,孔,1220,Series 2 Volume 3
5899e7defe6fca451b590a48,寂,1229,Series 2 Volume 3
5899e7defe6fca451b590a74,庸,1273,Series 2 Volume 3
5899e7defe6fca451b590a7a,弊,1279,Series 2 Volume 3
5899e7defe6fca451b590aaa,慨,1327,Series 2 Volume 3
5899e7defe6fca451b590aad,慶,1330,Series 2 Volume 3
5899e7defe6fca451b590ab0,憩,1333,Series 2 Volume 3
5899e7defe6fca451b590ab5,懐,1338,Series 2 Volume 3
5899e7defe6fca451b590acb,拒,1360,Series 2 Volume 3
5899e7defe6fca451b590ad4,振,1369,Series 2 Volume 3
5899e7defe6fca451b590ae2,揮,1383,Series 2 Volume 3
5899e7defe6fca451b590af0,擁,1397,Series 2 Volume 3
5899e7defe6fca451b590b21,梅,1446,Series 2 Volume 3
5899e7defe6fca451b590b40,洞,1477,Series 2 Volume 3
5899e7defe6fca451b590b5c,漠,1505,Series 2 Volume 3
5899e7defe6fca451b590b6b,炉,1520,Series 2 Volume 3
5899e7defe6fca451b590b74,牧,1529,Series 2 Volume 3
5899e7defe6fca451b590b85,璽,1546,Series 2 Volume 3
5899e7defe6fca451b590b87,甚,1548,Series 2 Volume 3
5899e7defe6fca451b590b90,痴,1557,Series 2 Volume 3
5899e7defe6fca451b590b9b,盾,1568,Series 2 Volume 3
5899e7defe6fca451b590ba5,砲,1578,Series 2 Volume 3
5899e7defe6fca451b590bab,礁,1584,Series 2 Volume 3
5899e7defe6fca451b590bae,祥,1587,Series 2 Volume 3
5899e7defe6fca451b590bc8,箇,1613,Series 2 Volume 3
5899e7defe6fca451b590bd3,糧,1624,Series 2 Volume 3
5899e7defe6fca451b590bdf,紳,1636,Series 2 Volume 3
5899e7defe6fca451b590bee,縛,1651,Series 2 Volume 3
5899e7defe6fca451b590bf2,繁,1655,Series 2 Volume 3
5899e7defe6fca451b590bf6,繭,1659,Series 2 Volume 3
5899e7defe6fca451b590c09,肺,1678,Series 2 Volume 3
5899e7defe6fca451b590c12,腐,1687,Series 2 Volume 3
5899e7defe6fca451b590c19,舌,1694,Series 2 Volume 3
5899e7defe6fca451b590c5d,請,1762,Series 2 Volume 3
5899e7defe6fca451b590c5e,諭,1763,Series 2 Volume 3
5899e7defe6fca451b5909a6,伯,1067,Series 2 Volume 3
5899e7defe6fca451b5909af,俳,1076,Series 2 Volume 3
5899e7defe6fca451b5909cb,冠,1104,Series 2 Volume 3
5899e7defe6fca451b5909f6,吟,1147,Series 2 Volume 3
5899e7defe6fca451b5909ff,唱,1156,Series 2 Volume 3
5899e7defe6fca451b590a0c,垣,1169,Series 2 Volume 3
5899e7defe6fca451b590a41,孤,1222,Series 2 Volume 3
5899e7defe6fca451b590a53,尋,1240,Series 2 Volume 3
5899e7defe6fca451b590a57,尽,1244,Series 2 Volume 3
5899e7defe6fca451b590a5d,岐,1250,Series 2 Volume 3
5899e7defe6fca451b590a88,徐,1293,Series 2 Volume 3
5899e7defe6fca451b590a89,循,1294,Series 2 Volume 3
5899e7defe6fca451b590a8c,徴,1297,Series 2 Volume 3
5899e7defe6fca451b590a93,恒,1304,Series 2 Volume 3
5899e7defe6fca451b590aa4,慈,1321,Series 2 Volume 3
5899e7defe6fca451b590abc,扇,1345,Series 2 Volume 3
5899e7defe6fca451b590abd,扉,1346,Series 2 Volume 3
5899e7defe6fca451b590ace,拙,1363,Series 2 Volume 3
5899e7defe6fca451b590ad3,挙,1368,Series 2 Volume 3
5899e7defe6fca451b590b22,棄,1447,Series 2 Volume 3
5899e7defe6fca451b590b2d,欺,1458,Series 2 Volume 3
5899e7defe6fca451b590b45,浜,1482,Series 2 Volume 3
5899e7defe6fca451b590b48,浸,1485,Series 2 Volume 3
5899e7defe6fca451b590b55,滋,1498,Series 2 Volume 3
5899e7defe6fca451b590b5f,漸,1508,Series 2 Volume 3
5899e7defe6fca451b590b6f,烈,1524,Series 2 Volume 3
5899e7defe6fca451b590b7a,猟,1535,Series 2 Volume 3
5899e7defe6fca451b590b82,珠,1543,Series 2 Volume 3
5899e7defe6fca451b590bc2,窮,1607,Series 2 Volume 3
5899e7defe6fca451b590bd6,紀,1627,Series 2 Volume 3
5899e7defe6fca451b590bf8,缶,1661,Series 2 Volume 3
5899e7defe6fca451b590bf9,罰,1662,Series 2 Volume 3
5899e7defe6fca451b590c03,聴,1672,Series 2 Volume 3
5899e7defe6fca451b590c05,肝,1674,Series 2 Volume 3
5899e7defe6fca451b590c11,脱,1686,Series 2 Volume 3
5899e7defe6fca451b590c14,膜,1689,Series 2 Volume 3
5899e7defe6fca451b590c16,臨,1691,Series 2 Volume 3
5899e7defe6fca451b590c25,茎,1706,Series 2 Volume 3
5899e7defe6fca451b590c2b,蓄,1712,Series 2 Volume 3
5899e7defe6fca451b590c59,誉,1758,Series 2 Volume 3
5899e7defe6fca451b5909cc,准,1105,Series 2 Volume 3
5899e7defe6fca451b5909d5,削,1114,Series 2 Volume 3
5899e7defe6fca451b5909f5,吐,1146,Series 2 Volume 3
5899e7defe6fca451b5909fd,唐,1154,Series 2 Volume 3
5899e7defe6fca451b5909fe,唯,1155,Series 2 Volume 3
5899e7defe6fca451b590a0a,坑,1167,Series 2 Volume 3
5899e7defe6fca451b590a10,堅,1173,Series 2 Volume 3
5899e7defe6fca451b590a24,奇,1193,Series 2 Volume 3
5899e7defe6fca451b590a2f,妊,1204,Series 2 Volume 3
5899e7defe6fca451b590a6c,幕,1265,Series 2 Volume 3
5899e7defe6fca451b590a80,弾,1285,Series 2 Volume 3
5899e7defe6fca451b590aa7,慎,1324,Series 2 Volume 3
5899e7defe6fca451b590abe,扱,1347,Series 2 Volume 3
5899e7defe6fca451b590ad1,拷,1366,Series 2 Volume 3
5899e7defe6fca451b590ad6,据,1371,Series 2 Volume 3
5899e7defe6fca451b590ad9,掛,1374,Series 2 Volume 3
5899e7defe6fca451b590adb,推,1376,Series 2 Volume 3
5899e7defe6fca451b590ae0,揚,1381,Series 2 Volume 3
5899e7defe6fca451b590aed,撤,1394,Series 2 Volume 3
5899e7defe6fca451b590aef,撲,1396,Series 2 Volume 3
5899e7defe6fca451b590af5,敢,1402,Series 2 Volume 3
5899e7defe6fca451b590af6,敵,1403,Series 2 Volume 3
5899e7defe6fca451b590af7,敷,1404,Series 2 Volume 3
5899e7defe6fca451b590b18,染,1437,Series 2 Volume 3
5899e7defe6fca451b590b2e,款,1459,Series 2 Volume 3
5899e7defe6fca451b590b44,浄,1481,Series 2 Volume 3
5899e7defe6fca451b590b46,浦,1483,Series 2 Volume 3
5899e7defe6fca451b590b4b,淡,1488,Series 2 Volume 3
5899e7defe6fca451b590b5a,漆,1503,Series 2 Volume 3
5899e7defe6fca451b590b68,濫,1517,Series 2 Volume 3
5899e7defe6fca451b590b69,瀬,1518,Series 2 Volume 3
5899e7defe6fca451b590b6a,災,1519,Series 2 Volume 3
5899e7defe6fca451b590b88,甲,1549,Series 2 Volume 3
5899e7defe6fca451b590b98,監,1565,Series 2 Volume 3
5899e7defe6fca451b590b9a,盲,1567,Series 2 Volume 3
5899e7defe6fca451b590ba0,瞬,1573,Series 2 Volume 3
5899e7defe6fca451b590ba6,硝,1579,Series 2 Volume 3
5899e7defe6fca451b590bb8,稲,1597,Series 2 Volume 3
5899e7defe6fca451b590bf7,繰,1660,Series 2 Volume 3
5899e7defe6fca451b590c13,腸,1688,Series 2 Volume 3
5899e7defe6fca451b590c23,苗,1704,Series 2 Volume 3
5899e7defe6fca451b590c31,虚,1718,Series 2 Volume 3
5899e7defe6fca451b590c36,蛍,1723,Series 2 Volume 3
5899e7defe6fca451b590c4d,託,1746,Series 2 Volume 3
5899e7defe6fca451b590c4e,訟,1747,Series 2 Volume 3
5899e7defe6fca451b590c5a,誓,1759,Series 2 Volume 3
5899e7defe6fca451b5909bf,僚,1092,Series 2 Volume 3
5899e7defe6fca451b5909c7,典,1100,Series 2 Volume 3
5899e7defe6fca451b5909d7,剛,1116,Series 2 Volume 3
5899e7defe6fca451b5909d8,剣,1117,Series 2 Volume 3
5899e7defe6fca451b5909e0,勘,1125,Series 2 Volume 3
5899e7defe6fca451b5909ed,厘,1138,Series 2 Volume 3
5899e7defe6fca451b5909fc,唇,1153,Series 2 Volume 3
5899e7defe6fca451b590a00,啓,1157,Series 2 Volume 3
5899e7defe6fca451b590a07,噴,1164,Series 2 Volume 3
5899e7defe6fca451b590a0f,堀,1172,Series 2 Volume 3
5899e7defe6fca451b590a18,塚,1181,Series 2 Volume 3
5899e7defe6fca451b590a22,壮,1191,Series 2 Volume 3
5899e7defe6fca451b590a2b,奮,1200,Series 2 Volume 3
5899e7defe6fca451b590a34,姻,1209,Series 2 Volume 3
5899e7defe6fca451b590a43,宜,1224,Series 2 Volume 3
5899e7defe6fca451b590a45,宰,1226,Series 2 Volume 3
5899e7defe6fca451b590a49,密,1230,Series 2 Volume 3
5899e7defe6fca451b590a62,峰,1255,Series 2 Volume 3
5899e7defe6fca451b590a68,巧,1261,Series 2 Volume 3
5899e7defe6fca451b590a69,帆,1262,Series 2 Volume 3
5899e7defe6fca451b590a7c,弓,1281,Series 2 Volume 3
5899e7defe6fca451b590a8a,微,1295,Series 2 Volume 3
5899e7defe6fca451b590a9a,患,1311,Series 2 Volume 3
5899e7defe6fca451b590a9c,悼,1313,Series 2 Volume 3
5899e7defe6fca451b590aaf,憤,1332,Series 2 Volume 3
5899e7defe6fca451b590ab2,憶,1335,Series 2 Volume 3
5899e7defe6fca451b590ab8,我,1341,Series 2 Volume 3
5899e7defe6fca451b590abb,房,1344,Series 2 Volume 3
5899e7defe6fca451b590ac6,抵,1355,Series 2 Volume 3
5899e7defe6fca451b590af2,擬,1399,Series 2 Volume 3
5899e7defe6fca451b590af9,斎,1406,Series 2 Volume 3
5899e7defe6fca451b590b13,枠,1432,Series 2 Volume 3
5899e7defe6fca451b590b23,棋,1448,Series 2 Volume 3
5899e7defe6fca451b590b30,殉,1461,Series 2 Volume 3
5899e7defe6fca451b590b31,殊,1462,Series 2 Volume 3
5899e7defe6fca451b590b32,殖,1463,Series 2 Volume 3
5899e7defe6fca451b590b49,涯,1486,Series 2 Volume 3
5899e7defe6fca451b590b65,澄,1514,Series 2 Volume 3
5899e7defe6fca451b590ba8,碁,1581,Series 2 Volume 3
5899e7defe6fca451b590bb2,秀,1591,Series 2 Volume 3
5899e7defe6fca451b590bb9,稼,1598,Series 2 Volume 3
5899e7defe6fca451b590be8,緊,1645,Series 2 Volume 3
5899e7defe6fca451b590c26,荘,1707,Series 2 Volume 3
5899e7defe6fca451b590c2c,薦,1713,Series 2 Volume 3
5899e7defe6fca451b590c32,虜,1719,Series 2 Volume 3
5899e7defe6fca451b590c3d,衡,1730,Series 2 Volume 3
5899e7defe6fca451b590c3f,衷,1732,Series 2 Volume 3
5899e7defe6fca451b590c51,証,1750,Series 2 Volume 3
5899e7defe6fca451b590c58,誇,1757,Series 2 Volume 3
5899e7defe6fca451b590c5b,誘,1760,Series 2 Volume 3
5899e7defe6fca451b5909aa,侍,1071,Series 2 Volume 3
5899e7defe6fca451b5909c4,充,1097,Series 2 Volume 3
5899e7defe6fca451b5909a5,伐,1066,Series 2 Volume 3
5899e7defe6fca451b5909b0,俵,1077,Series 2 Volume 3
5899e7defe6fca451b5909c2,儒,1095,Series 2 Volume 3
5899e7defe6fca451b5909f9,哀,1150,Series 2 Volume 3
5899e7defe6fca451b5909fa,哲,1151,Series 2 Volume 3
5899e7defe6fca451b590a1a,墓,1183,Series 2 Volume 3
5899e7defe6fca451b590a3d,嫡,1218,Series 2 Volume 3
5899e7defe6fca451b590a4b,寡,1232,Series 2 Volume 3
5899e7defe6fca451b590a6a,帝,1263,Series 2 Volume 3
5899e7defe6fca451b590a8f,忍,1300,Series 2 Volume 3
5899e7defe6fca451b590a94,恨,1305,Series 2 Volume 3
5899e7defe6fca451b590aa8,慕,1325,Series 2 Volume 3
5899e7defe6fca451b590ac5,披,1354,Series 2 Volume 3
5899e7defe6fca451b590ade,描,1379,Series 2 Volume 3
5899e7defe6fca451b590ae3,援,1384,Series 2 Volume 3
5899e7defe6fca451b590afb,斜,1408,Series 2 Volume 3
5899e7defe6fca451b590b07,暁,1420,Series 2 Volume 3
5899e7defe6fca451b590b0d,朱,1426,Series 2 Volume 3
5899e7defe6fca451b590b1e,桑,1443,Series 2 Volume 3
5899e7defe6fca451b590b1f,桜,1444,Series 2 Volume 3
5899e7defe6fca451b590b2b,樹,1456,Series 2 Volume 3
5899e7defe6fca451b590b35,氏,1466,Series 2 Volume 3
5899e7defe6fca451b590b38,汽,1469,Series 2 Volume 3
5899e7defe6fca451b590b52,源,1495,Series 2 Volume 3
5899e7defe6fca451b590b54,滅,1497,Series 2 Volume 3
5899e7defe6fca451b590b61,潜,1510,Series 2 Volume 3
5899e7defe6fca451b590b62,潟,1511,Series 2 Volume 3
5899e7defe6fca451b590b81,玄,1542,Series 2 Volume 3
5899e7defe6fca451b590b89,畔,1550,Series 2 Volume 3
5899e7defe6fca451b590b8a,疎,1551,Series 2 Volume 3
5899e7defe6fca451b590b8d,症,1554,Series 2 Volume 3
5899e7defe6fca451b590b8f,痢,1556,Series 2 Volume 3
5899e7defe6fca451b590c0a,胆,1679,Series 2 Volume 3
5899e7defe6fca451b590c1a,舎,1695,Series 2 Volume 3
5899e7defe6fca451b590c24,茂,1705,Series 2 Volume 3
5899e7defe6fca451b590c29,華,1710,Series 2 Volume 3
5899e7defe6fca451b590c3b,衛,1728,Series 2 Volume 3
5899e7defe6fca451b590c62,謁,1767,Series 2 Volume 3
5899e7defe6fca451b5909a8,佳,1069,Series 2 Volume 3
5899e7defe6fca451b5909ab,侮,1072,Series 2 Volume 3
5899e7defe6fca451b5909ac,侵,1073,Series 2 Volume 3
5899e7defe6fca451b5909b4,倫,1081,Series 2 Volume 3
5899e7defe6fca451b5909d4,刑,1113,Series 2 Volume 3
5899e7defe6fca451b5909da,剰,1119,Series 2 Volume 3
5899e7defe6fca451b5909db,創,1120,Series 2 Volume 3
5899e7defe6fca451b5909e1,勧,1126,Series 2 Volume 3
5899e7defe6fca451b5909e3,匠,1128,Series 2 Volume 3
5899e7defe6fca451b5909f1,叙,1142,Series 2 Volume 3
5899e7defe6fca451b590a04,嗣,1161,Series 2 Volume 3
5899e7defe6fca451b590a15,塁,1178,Series 2 Volume 3
5899e7defe6fca451b590a1f,壇,1188,Series 2 Volume 3
5899e7defe6fca451b590a20,壊,1189,Series 2 Volume 3
5899e7defe6fca451b590a21,壌,1190,Series 2 Volume 3
5899e7defe6fca451b590a60,峠,1253,Series 2 Volume 3
5899e7defe6fca451b590a63,崇,1256,Series 2 Volume 3
5899e7defe6fca451b590a64,崎,1257,Series 2 Volume 3
5899e7defe6fca451b590a67,巣,1260,Series 2 Volume 3
5899e7defe6fca451b590a7d,弔,1282,Series 2 Volume 3
5899e7defe6fca451b590a81,彩,1286,Series 2 Volume 3
5899e7defe6fca451b590a9b,悦,1312,Series 2 Volume 3
5899e7defe6fca451b590ae5,搬,1386,Series 2 Volume 3
5899e7defe6fca451b590b16,柄,1435,Series 2 Volume 3
5899e7defe6fca451b590b41,津,1478,Series 2 Volume 3
5899e7defe6fca451b590b4f,渋,1492,Series 2 Volume 3
5899e7defe6fca451b590b6e,為,1523,Series 2 Volume 3
5899e7defe6fca451b590b75,牲,1530,Series 2 Volume 3
5899e7defe6fca451b590b95,益,1562,Series 2 Volume 3
5899e7defe6fca451b590b9f,督,1572,Series 2 Volume 3
5899e7defe6fca451b590bda,素,1631,Series 2 Volume 3
5899e7defe6fca451b590be0,紺,1637,Series 2 Volume 3
5899e7defe6fca451b590bfd,義,1666,Series 2 Volume 3
5899e7defe6fca451b590bfe,翻,1667,Series 2 Volume 3
5899e7defe6fca451b590c1b,舗,1696,Series 2 Volume 3
5899e7defe6fca451b590c20,芝,1701,Series 2 Volume 3
5899e7defe6fca451b590c30,虐,1717,Series 2 Volume 3
5899e7defe6fca451b590c39,衆,1726,Series 2 Volume 3
5899e7defe6fca451b590c3e,衰,1731,Series 2 Volume 3
5899e7defe6fca451b5909a4,伏,1065,Series 2 Volume 3
5899e7defe6fca451b5909b8,偽,1085,Series 2 Volume 3
5899e7defe6fca451b5909a7,佐,1068,Series 2 Volume 3
5899e7defe6fca451b5909e7,卓,1132,Series 2 Volume 3
5899e7defe6fca451b5909ee,又,1139,Series 2 Volume 3
5899e7defe6fca451b5909f4,吏,1145,Series 2 Volume 3
5899e7defe6fca451b5909f8,呉,1149,Series 2 Volume 3
5899e7defe6fca451b590a19,塾,1182,Series 2 Volume 3
5899e7defe6fca451b590a27,契,1196,Series 2 Volume 3
5899e7defe6fca451b590a39,婿,1214,Series 2 Volume 3
5899e7defe6fca451b590a50,寿,1237,Series 2 Volume 3
5899e7defe6fca451b590a56,尼,1243,Series 2 Volume 3
5899e7defe6fca451b590a76,廉,1275,Series 2 Volume 3
5899e7defe6fca451b590a9f,惨,1316,Series 2 Volume 3
5899e7defe6fca451b590aa2,愉,1319,Series 2 Volume 3
5899e7defe6fca451b590acc,拓,1361,Series 2 Volume 3
5899e7defe6fca451b590afc,斤,1409,Series 2 Volume 3
5899e7defe6fca451b590b19,柳,1438,Series 2 Volume 3
5899e7defe6fca451b590b2f,歓,1460,Series 2 Volume 3
5899e7defe6fca451b590b42,洪,1479,Series 2 Volume 3
5899e7defe6fca451b590b4d,渇,1490,Series 2 Volume 3
5899e7defe6fca451b590b67,濁,1516,Series 2 Volume 3
5899e7defe6fca451b590b6c,炊,1521,Series 2 Volume 3
5899e7defe6fca451b590b83,班,1544,Series 2 Volume 3
5899e7defe6fca451b590b84,琴,1545,Series 2 Volume 3
5899e7defe6fca451b590baa,磁,1583,Series 2 Volume 3
5899e7defe6fca451b590bbf,穴,1604,Series 2 Volume 3
5899e7defe6fca451b590bca,篤,1615,Series 2 Volume 3
5899e7defe6fca451b590bd2,糖,1623,Series 2 Volume 3
5899e7defe6fca451b590be1,絞,1638,Series 2 Volume 3
5899e7defe6fca451b590bfa,罷,1663,Series 2 Volume 3
5899e7defe6fca451b590c2e,藩,1715,Series 2 Volume 3
5899e7defe6fca451b590c37,蛮,1724,Series 2 Volume 3
5899e7defe6fca451b590c40,裁,1733,Series 2 Volume 3
5899e7defe6fca451b590c42,裕,1735,Series 2 Volume 3
5899e7defe6fca451b590c47,襲,1740,Series 2 Volume 3
5899e7defe6fca451b590c54,詠,1753,Series 2 Volume 3
5899e7defe6fca451b5909ae,俗,1075,Series 2 Volume 3
5899e7defe6fca451b5909e4,匿,1129,Series 2 Volume 3
5899e7defe6fca451b5909e6,卑,1131,Series 2 Volume 3
5899e7defe6fca451b5909e8,博,1133,Series 2 Volume 3
5899e7defe6fca451b590a42,宗,1223,Series 2 Volume 3
5899e7defe6fca451b590a44,宣,1225,Series 2 Volume 3
5899e7defe6fca451b590a46,宴,1227,Series 2 Volume 3
5899e7defe6fca451b590a47,宵,1228,Series 2 Volume 3
5899e7defe6fca451b590a54,尚,1241,Series 2 Volume 3
5899e7defe6fca451b590a5c,屯,1249,Series 2 Volume 3
5899e7defe6fca451b590a5f,岳,1252,Series 2 Volume 3
5899e7defe6fca451b590a6e,幹,1267,Series 2 Volume 3
5899e7defe6fca451b590a6f,幻,1268,Series 2 Volume 3
5899e7defe6fca451b590a79,弁,1278,Series 2 Volume 3
5899e7defe6fca451b590a86,征,1291,Series 2 Volume 3
5899e7defe6fca451b590a8b,徳,1296,Series 2 Volume 3
5899e7defe6fca451b590a99,悠,1310,Series 2 Volume 3
5899e7defe6fca451b590aa9,慢,1326,Series 2 Volume 3
5899e7defe6fca451b590ab4,懇,1337,Series 2 Volume 3
5899e7defe6fca451b590abf,扶,1348,Series 2 Volume 3
5899e7defe6fca451b590ac1,把,1350,Series 2 Volume 3
5899e7defe6fca451b590acf,拠,1364,Series 2 Volume 3
5899e7defe6fca451b590ada,控,1375,Series 2 Volume 3
5899e7defe6fca451b590adf,提,1380,Series 2 Volume 3
5899e7defe6fca451b590ae1,握,1382,Series 2 Volume 3
5899e7defe6fca451b590ae7,携,1388,Series 2 Volume 3
5899e7defe6fca451b590aee,撮,1395,Series 2 Volume 3
5899e7defe6fca451b590af1,擦,1398,Series 2 Volume 3
5899e7defe6fca451b590af4,敏,1401,Series 2 Volume 3
5899e7defe6fca451b590b20,桟,1445,Series 2 Volume 3
5899e7defe6fca451b590b27,楼,1452,Series 2 Volume 3
5899e7defe6fca451b590b2c,欄,1457,Series 2 Volume 3
5899e7defe6fca451b590b37,江,1468,Series 2 Volume 3
5899e7defe6fca451b590b3c,沼,1473,Series 2 Volume 3
5899e7defe6fca451b590b51,渦,1494,Series 2 Volume 3
5899e7defe6fca451b590b63,潤,1512,Series 2 Volume 3
5899e7defe6fca451b590b7b,献,1536,Series 2 Volume 3
5899e7defe6fca451b590b7e,獄,1539,Series 2 Volume 3
5899e7defe6fca451b590b8e,痘,1555,Series 2 Volume 3
5899e7defe6fca451b590ba1,矛,1574,Series 2 Volume 3
5899e7defe6fca451b590ba7,硫,1580,Series 2 Volume 3
5899e7defe6fca451b590ba9,碑,1582,Series 2 Volume 3
5899e7defe6fca451b590bb4,租,1593,Series 2 Volume 3
5899e7defe6fca451b590bcd,粋,1618,Series 2 Volume 3
5899e7defe6fca451b590be9,締,1646,Series 2 Volume 3
5899e7defe6fca451b590bef,縦,1652,Series 2 Volume 3
5899e7defe6fca451b590bf4,織,1657,Series 2 Volume 3
5899e7defe6fca451b590bfc,羊,1665,Series 2 Volume 3
5899e7defe6fca451b590c06,肢,1675,Series 2 Volume 3
5899e7defe6fca451b590c0e,脅,1683,Series 2 Volume 3
5899e7defe6fca451b590c3c,衝,1729,Series 2 Volume 3
5899e7defe6fca451b590c41,裂,1734,Series 2 Volume 3
5899e7defe6fca451b590c45,褒,1738,Series 2 Volume 3
5899e7defe6fca451b590c4a,視,1743,Series 2 Volume 3
5899e7defe6fca451b590c56,該,1755,Series 2 Volume 3
5899e7defe6fca451b590c63,謄,1768,Series 2 Volume 3
5899e7defe6fca451b5909b3,倣,1080,Series 2 Volume 3
5899e7defe6fca451b5909b7,偵,1084,Series 2 Volume 3
5899e7defe6fca451b5909ba,傑,1087,Series 2 Volume 3
5899e7defe6fca451b5909be,僕,1091,Series 2 Volume 3
5899e7defe6fca451b5909c0,僧,1093,Series 2 Volume 3
5899e7defe6fca451b5909c8,兼,1101,Series 2 Volume 3
5899e7defe6fca451b5909f7,呈,1148,Series 2 Volume 3
5899e7defe6fca451b590a06,嘱,1163,Series 2 Volume 3
5899e7defe6fca451b590a14,塀,1177,Series 2 Volume 3
5899e7defe6fca451b590a1e,墾,1187,Series 2 Volume 3
5899e7defe6fca451b590a31,妥,1206,Series 2 Volume 3
5899e7defe6fca451b590a38,娯,1213,Series 2 Volume 3
5899e7defe6fca451b590a3e,嬢,1219,Series 2 Volume 3
5899e7defe6fca451b590a4c,寧,1233,Series 2 Volume 3
5899e7defe6fca451b590a4f,寸,1236,Series 2 Volume 3
5899e7defe6fca451b590a59,屈,1246,Series 2 Volume 3
5899e7defe6fca451b590a75,廃,1274,Series 2 Volume 3
5899e7defe6fca451b590a7e,弦,1283,Series 2 Volume 3
5899e7defe6fca451b590a84,影,1289,Series 2 Volume 3
5899e7defe6fca451b590a8d,徹,1298,Series 2 Volume 3
5899e7defe6fca451b590aac,慰,1329,Series 2 Volume 3
5899e7defe6fca451b590ac0,抄,1349,Series 2 Volume 3
5899e7defe6fca451b590ad0,括,1365,Series 2 Volume 3
5899e7defe6fca451b590ad5,挿,1370,Series 2 Volume 3
5899e7defe6fca451b590adc,措,1377,Series 2 Volume 3
5899e7defe6fca451b590aec,撃,1393,Series 2 Volume 3
5899e7defe6fca451b590af3,攻,1400,Series 2 Volume 3
5899e7defe6fca451b590afa,斗,1407,Series 2 Volume 3
5899e7defe6fca451b590b00,既,1413,Series 2 Volume 3
5899e7defe6fca451b590b0b,曹,1424,Series 2 Volume 3
5899e7defe6fca451b590b1d,桃,1442,Series 2 Volume 3
5899e7defe6fca451b590b2a,模,1455,Series 2 Volume 3
5899e7defe6fca451b590b50,渓,1493,Series 2 Volume 3
5899e7defe6fca451b590b5d,漫,1506,Series 2 Volume 3
5899e7defe6fca451b590b71,煩,1526,Series 2 Volume 3
5899e7defe6fca451b590b72,煮,1527,Series 2 Volume 3
5899e7defe6fca451b590b7f,獣,1540,Series 2 Volume 3
5899e7defe6fca451b590bb7,稚,1596,Series 2 Volume 3
5899e7defe6fca451b590bc6,笛,1611,Series 2 Volume 3
5899e7defe6fca451b590bc7,筋,1612,Series 2 Volume 3
5899e7defe6fca451b590bcc,籍,1617,Series 2 Volume 3
5899e7defe6fca451b590bd0,粛,1621,Series 2 Volume 3
5899e7defe6fca451b590c0b,胎,1680,Series 2 Volume 3
5899e7defe6fca451b590c2a,葬,1711,Series 2 Volume 3
5899e7defe6fca451b590c5f,諮,1764,Series 2 Volume 3
5899e7defe6fca451b5909b1,俸,1078,Series 2 Volume 3
5899e7defe6fca451b5909ad,俊,1074,Series 2 Volume 3
5899e7defe6fca451b5909de,劾,1123,Series 2 Volume 3
5899e7defe6fca451b5909ec,厄,1137,Series 2 Volume 3
5899e7defe6fca451b5909fb,唆,1152,Series 2 Volume 3
5899e7defe6fca451b5909cd,凝,1106,Series 2 Volume 3
5899e7defe6fca451b590a4d,審,1234,Series 2 Volume 3
5899e7defe6fca451b590a51,射,1238,Series 2 Volume 3
5899e7defe6fca451b590a61,峡,1254,Series 2 Volume 3
5899e7defe6fca451b590a77,廊,1276,Series 2 Volume 3
5899e7defe6fca451b590a7b,弐,1280,Series 2 Volume 3
5899e7defe6fca451b5909ea,却,1135,Series 2 Volume 3
5899e7defe6fca451b590a16,塊,1179,Series 2 Volume 3
5899e7defe6fca451b590a98,悟,1309,Series 2 Volume 3
5899e7defe6fca451b590a9e,惜,1315,Series 2 Volume 3
5899e7defe6fca451b590a1d,墳,1186,Series 2 Volume 3
5899e7defe6fca451b590a36,威,1211,Series 2 Volume 3
5899e7defe6fca451b590a3b,嫁,1216,Series 2 Volume 3
5899e7defe6fca451b590ab6,懲,1339,Series 2 Volume 3
5899e7defe6fca451b590aca,拐,1359,Series 2 Volume 3
5899e7defe6fca451b590a58,尿,1245,Series 2 Volume 3
5899e7defe6fca451b590aeb,摩,1392,Series 2 Volume 3
5899e7defe6fca451b590afe,旋,1411,Series 2 Volume 3
5899e7defe6fca451b590aff,旗,1412,Series 2 Volume 3
5899e7defe6fca451b590b0a,暫,1423,Series 2 Volume 3
5899e7defe6fca451b590a83,彰,1288,Series 2 Volume 3
5899e7defe6fca451b590a9d,惑,1314,Series 2 Volume 3
5899e7defe6fca451b590ab7,懸,1340,Series 2 Volume 3
5899e7defe6fca451b590b11,松,1430,Series 2 Volume 3
5899e7defe6fca451b590aba,戯,1343,Series 2 Volume 3
5899e7defe6fca451b590ac4,択,1353,Series 2 Volume 3
5899e7defe6fca451b590ac9,拍,1358,Series 2 Volume 3
5899e7defe6fca451b590b12,析,1431,Series 2 Volume 3
5899e7defe6fca451b590b01,旨,1414,Series 2 Volume 3
5899e7defe6fca451b590b03,昆,1416,Series 2 Volume 3
5899e7defe6fca451b590b14,枢,1433,Series 2 Volume 3
5899e7defe6fca451b590b08,暇,1421,Series 2 Volume 3
5899e7defe6fca451b590b10,杉,1429,Series 2 Volume 3
5899e7defe6fca451b590b1b,核,1440,Series 2 Volume 3
5899e7defe6fca451b590b36,汁,1467,Series 2 Volume 3
5899e7defe6fca451b590b1c,栽,1441,Series 2 Volume 3
5899e7defe6fca451b590b56,滑,1499,Series 2 Volume 3
5899e7defe6fca451b590b28,概,1453,Series 2 Volume 3
5899e7defe6fca451b590b6d,炎,1522,Series 2 Volume 3
5899e7defe6fca451b590b73,熟,1528,Series 2 Volume 3
5899e7defe6fca451b590b9d,眼,1570,Series 2 Volume 3
5899e7defe6fca451b590bad,祉,1586,Series 2 Volume 3
5899e7defe6fca451b590bb3,秘,1592,Series 2 Volume 3
5899e7defe6fca451b590b34,殻,1465,Series 2 Volume 3
5899e7defe6fca451b590b43,派,1480,Series 2 Volume 3
5899e7defe6fca451b590b66,激,1515,Series 2 Volume 3
5899e7defe6fca451b590bc1,窒,1606,Series 2 Volume 3
5899e7defe6fca451b590bd5,糾,1626,Series 2 Volume 3
5899e7defe6fca451b590b70,焦,1525,Series 2 Volume 3
5899e7defe6fca451b590b7d,猿,1538,Series 2 Volume 3
5899e7defe6fca451b590b92,癖,1559,Series 2 Volume 3
5899e7defe6fca451b590bf0,縫,1653,Series 2 Volume 3
5899e7defe6fca451b590bff,翼,1668,Series 2 Volume 3
5899e7defe6fca451b590b93,皇,1560,Series 2 Volume 3
5899e7defe6fca451b590b9e,睡,1571,Series 2 Volume 3
5899e7defe6fca451b590ba2,矢,1575,Series 2 Volume 3
5899e7defe6fca451b590c07,肥,1676,Series 2 Volume 3
5899e7defe6fca451b590c0f,脈,1684,Series 2 Volume 3
5899e7defe6fca451b590bc3,窯,1608,Series 2 Volume 3
5899e7defe6fca451b590bce,粗,1619,Series 2 Volume 3
5899e7defe6fca451b590c1d,艇,1698,Series 2 Volume 3
5899e7defe6fca451b590c22,芽,1703,Series 2 Volume 3
5899e7defe6fca451b590bd1,粧,1622,Series 2 Volume 3
5899e7defe6fca451b590bdb,紡,1632,Series 2 Volume 3
5899e7defe6fca451b590bdc,索,1633,Series 2 Volume 3
5899e7defe6fca451b590be3,絹,1640,Series 2 Volume 3
5899e7defe6fca451b590c1c,舶,1697,Series 2 Volume 3
5899e7defe6fca451b590c28,菌,1709,Series 2 Volume 3
5899e7defe6fca451b590c35,蛇,1722,Series 2 Volume 3
5899e7defe6fca451b590c38,融,1725,Series 2 Volume 3
5899e7defe6fca451b590c3a,街,1727,Series 2 Volume 3
5899e7defe6fca451b590c49,覇,1742,Series 2 Volume 3
5899e7defe6fca451b590c4c,討,1745,Series 2 Volume 3
5899e7defe6fca451b590c4f,訴,1748,Series 2 Volume 3
5899e7defe6fca451b5909cf,凶,1108,Series 2 Volume 3
5899e7defe6fca451b5909d9,剤,1118,Series 2 Volume 3
5899e7defe6fca451b590a0b,坪,1168,Series 2 Volume 3
5899e7defe6fca451b590a0d,執,1170,Series 2 Volume 3
5899e7defe6fca451b590a11,堕,1174,Series 2 Volume 3
5899e7defe6fca451b590a12,堤,1175,Series 2 Volume 3
5899e7defe6fca451b590a17,塑,1180,Series 2 Volume 3
5899e7defe6fca451b590a28,奔,1197,Series 2 Volume 3
5899e7defe6fca451b590a2c,如,1201,Series 2 Volume 3
5899e7defe6fca451b590a35,姿,1210,Series 2 Volume 3
5899e7defe6fca451b590a5e,岬,1251,Series 2 Volume 3
5899e7defe6fca451b590a66,巡,1259,Series 2 Volume 3
5899e7defe6fca451b590a6b,帳,1264,Series 2 Volume 3
5899e7defe6fca451b590a7f,弧,1284,Series 2 Volume 3
5899e7defe6fca451b590a8e,忌,1299,Series 2 Volume 3
5899e7defe6fca451b590a97,悔,1308,Series 2 Volume 3
5899e7defe6fca451b590aa6,慌,1323,Series 2 Volume 3
5899e7defe6fca451b590ac3,抗,1352,Series 2 Volume 3
5899e7defe6fca451b590ad8,排,1373,Series 2 Volume 3
5899e7defe6fca451b590afd,斥,1410,Series 2 Volume 3
5899e7defe6fca451b590b05,是,1418,Series 2 Volume 3
5899e7defe6fca451b590b39,沖,1470,Series 2 Volume 3
5899e7defe6fca451b590b3a,没,1471,Series 2 Volume 3
5899e7defe6fca451b590b3b,沢,1472,Series 2 Volume 3
5899e7defe6fca451b590b3f,泰,1476,Series 2 Volume 3
5899e7defe6fca451b590b57,滝,1500,Series 2 Volume 3
5899e7defe6fca451b590b86,瓶,1547,Series 2 Volume 3
5899e7defe6fca451b590bb1,禍,1590,Series 2 Volume 3
5899e7defe6fca451b590bbd,穏,1602,Series 2 Volume 3
5899e7defe6fca451b590be7,網,1644,Series 2 Volume 3
5899e7defe6fca451b590bea,緩,1647,Series 2 Volume 3
5899e7defe6fca451b590bfb,羅,1664,Series 2 Volume 3
5899e7defe6fca451b590c00,耐,1669,Series 2 Volume 3
5899e7defe6fca451b590c02,聖,1671,Series 2 Volume 3
5899e7defe6fca451b590c08,肪,1677,Series 2 Volume 3
5899e7defe6fca451b590c10,脚,1685,Series 2 Volume 3
5899e7defe6fca451b590c15,膨,1690,Series 2 Volume 3
5899e7defe6fca451b590c2f,藻,1716,Series 2 Volume 3
5899e7defe6fca451b590c33,蚊,1720,Series 2 Volume 3
5899e7defe6fca451b590c60,諾,1765,Series 2 Volume 3
5899e7defe6fca451b5909bc,催,1089,Series 2 Volume 3
5899e7defe6fca451b5909c9,冒,1102,Series 2 Volume 3
5899e7defe6fca451b5909dd,励,1122,Series 2 Volume 3
5899e7defe6fca451b590a29,奨,1198,Series 2 Volume 3
5899e7defe6fca451b590a37,娠,1212,Series 2 Volume 3
5899e7defe6fca451b590a40,孝,1221,Series 2 Volume 3
5899e7defe6fca451b590a4e,寮,1235,Series 2 Volume 3
5899e7defe6fca451b590a5a,属,1247,Series 2 Volume 3
5899e7defe6fca451b590a5b,履,1248,Series 2 Volume 3
5899e7defe6fca451b590a65,崩,1258,Series 2 Volume 3
5899e7defe6fca451b590a6d,幣,1266,Series 2 Volume 3
5899e7defe6fca451b590a73,庶,1272,Series 2 Volume 3
5899e7defe6fca451b590a90,忠,1301,Series 2 Volume 3
5899e7defe6fca451b590a92,怪,1303,Series 2 Volume 3
5899e7defe6fca451b590a96,恭,1307,Series 2 Volume 3
5899e7defe6fca451b590ab3,憾,1336,Series 2 Volume 3
5899e7defe6fca451b590ac2,抑,1351,Series 2 Volume 3
5899e7defe6fca451b590ad7,掌,1372,Series 2 Volume 3
5899e7defe6fca451b590add,掲,1378,Series 2 Volume 3
5899e7defe6fca451b590ae4,揺,1385,Series 2 Volume 3
5899e7defe6fca451b590ae6,搭,1387,Series 2 Volume 3
5899e7defe6fca451b590ae8,搾,1389,Series 2 Volume 3
5899e7defe6fca451b590aea,摘,1391,Series 2 Volume 3
5899e7defe6fca451b590b0e,朴,1427,Series 2 Volume 3
5899e7defe6fca451b590b47,浪,1484,Series 2 Volume 3
5899e7defe6fca451b590b58,滞,1501,Series 2 Volume 3
5899e7defe6fca451b590b5b,漏,1504,Series 2 Volume 3
5899e7defe6fca451b590b64,潮,1513,Series 2 Volume 3
5899e7defe6fca451b590b76,犠,1531,Series 2 Volume 3
5899e7defe6fca451b590b7c,猶,1537,Series 2 Volume 3
5899e7defe6fca451b590b91,癒,1558,Series 2 Volume 3
5899e7defe6fca451b590b96,盛,1563,Series 2 Volume 3
5899e7defe6fca451b590b99,盤,1566,Series 2 Volume 3
5899e7defe6fca451b590ba4,砕,1577,Series 2 Volume 3
5899e7defe6fca451b590bbe,穫,1603,Series 2 Volume 3
5899e7defe6fca451b590bc5,端,1610,Series 2 Volume 3
5899e7defe6fca451b590bc9,範,1614,Series 2 Volume 3
5899e7defe6fca451b590bcb,簿,1616,Series 2 Volume 3
5899e7defe6fca451b590bd9,紛,1630,Series 2 Volume 3
5899e7defe6fca451b590bf5,繕,1658,Series 2 Volume 3
5899e7defe6fca451b590c0d,胴,1682,Series 2 Volume 3
5899e7defe6fca451b590c18,興,1693,Series 2 Volume 3
5899e7defe6fca451b590c2d,薫,1714,Series 2 Volume 3
5899e7defe6fca451b590c44,褐,1737,Series 2 Volume 3
5899e7defe6fca451b590c4b,訂,1744,Series 2 Volume 3
5899e7defe6fca451b590c52,詐,1751,Series 2 Volume 3
5899e7defe6fca451b590c55,詩,1754,Series 2 Volume 3
5899e7defe6fca451b5909c1,儀,1094,Series 2 Volume 3
5899e7defe6fca451b5909d1,凹,1110,Series 2 Volume 3
5899e7defe6fca451b5909d3,刈,1112,Series 2 Volume 3
5899e7defe6fca451b5909d6,剖,1115,Series 2 Volume 3
5899e7defe6fca451b5909dc,劣,1121,Series 2 Volume 3
5899e7defe6fca451b5909e5,升,1130,Series 2 Volume 3
5899e7defe6fca451b5909e9,即,1134,Series 2 Volume 3
5899e7defe6fca451b590a02,喝,1159,Series 2 Volume 3
5899e7defe6fca451b590a03,喪,1160,Series 2 Volume 3
5899e7defe6fca451b590a09,圏,1166,Series 2 Volume 3
5899e7defe6fca451b590a0e,培,1171,Series 2 Volume 3
5899e7defe6fca451b590a1b,墜,1184,Series 2 Volume 3
5899e7defe6fca451b590a1c,墨,1185,Series 2 Volume 3
5899e7defe6fca451b590a26,奏,1195,Series 2 Volume 3
5899e7defe6fca451b590a4a,寛,1231,Series 2 Volume 3
5899e7defe6fca451b590a70,幽,1269,Series 2 Volume 3
5899e7defe6fca451b590a82,彫,1287,Series 2 Volume 3
5899e7defe6fca451b590a95,恩,1306,Series 2 Volume 3
5899e7defe6fca451b590aa1,愁,1318,Series 2 Volume 3
5899e7defe6fca451b590aa3,愚,1320,Series 2 Volume 3
5899e7defe6fca451b590aa5,態,1322,Series 2 Volume 3
5899e7defe6fca451b590ad2,挑,1367,Series 2 Volume 3
5899e7defe6fca451b590af8,斉,1405,Series 2 Volume 3
5899e7defe6fca451b590b1a,栓,1439,Series 2 Volume 3
5899e7defe6fca451b590b24,棚,1449,Series 2 Volume 3
5899e7defe6fca451b590b29,槽,1454,Series 2 Volume 3
5899e7defe6fca451b590b3e,泡,1475,Series 2 Volume 3
5899e7defe6fca451b590b4a,淑,1487,Series 2 Volume 3
5899e7defe6fca451b590b4c,添,1489,Series 2 Volume 3
5899e7defe6fca451b590b60,潔,1509,Series 2 Volume 3
5899e7defe6fca451b590b77,狂,1532,Series 2 Volume 3
5899e7defe6fca451b590b8c,疾,1553,Series 2 Volume 3
5899e7defe6fca451b590b94,盆,1561,Series 2 Volume 3
5899e7defe6fca451b590b9c,眺,1569,Series 2 Volume 3
5899e7defe6fca451b590bb6,称,1595,Series 2 Volume 3
5899e7defe6fca451b590bba,稿,1599,Series 2 Volume 3
5899e7defe6fca451b590bd4,系,1625,Series 2 Volume 3
5899e7defe6fca451b590be5,維,1642,Series 2 Volume 3
5899e7defe6fca451b590be6,綱,1643,Series 2 Volume 3
5899e7defe6fca451b590bf3,繊,1656,Series 2 Volume 3
5899e7defe6fca451b590c1e,艦,1699,Series 2 Volume 3
5899e7defe6fca451b590c1f,芋,1700,Series 2 Volume 3
5899e7defe6fca451b590c50,診,1749,Series 2 Volume 3
5899e7defe6fca451b590c53,詔,1752,Series 2 Volume 3
5899e7defe6fca451b590c61,謀,1766,Series 2 Volume 3
5899e7defe6fca451b5909b6,偏,1083,Series 2 Volume 3
5899e7defe6fca451b5909b9,傍,1086,Series 2 Volume 3
5899e7defe6fca451b5909df,勅,1124,Series 2 Volume 3
5899e7defe6fca451b5909eb,卸,1136,Series 2 Volume 3
5899e7defe6fca451b5909f0,叔,1141,Series 2 Volume 3
5899e7defe6fca451b5909f3,后,1144,Series 2 Volume 3
5899e7defe6fca451b590a2d,妃,1202,Series 2 Volume 3
5899e7defe6fca451b590a2e,妄,1203,Series 2 Volume 3
5899e7defe6fca451b590a30,妙,1205,Series 2 Volume 3
5899e7defe6fca451b590a32,妨,1207,Series 2 Volume 3
5899e7defe6fca451b590a33,姫,1208,Series 2 Volume 3
5899e7defe6fca451b590a55,尺,1242,Series 2 Volume 3
5899e7defe6fca451b590a71,幾,1270,Series 2 Volume 3
5899e7defe6fca451b590a72,序,1271,Series 2 Volume 3
5899e7defe6fca451b590a78,廷,1277,Series 2 Volume 3
5899e7defe6fca451b590a85,往,1290,Series 2 Volume 3
5899e7defe6fca451b590aa0,惰,1317,Series 2 Volume 3
5899e7defe6fca451b590aab,慮,1328,Series 2 Volume 3
5899e7defe6fca451b590ab1,憲,1334,Series 2 Volume 3
5899e7defe6fca451b590ac8,抽,1357,Series 2 Volume 3
5899e7defe6fca451b590b04,昭,1417,Series 2 Volume 3
5899e7defe6fca451b590b0f,朽,1428,Series 2 Volume 3
5899e7defe6fca451b590b15,架,1434,Series 2 Volume 3
5899e7defe6fca451b590b25,棟,1450,Series 2 Volume 3
5899e7defe6fca451b590b33,殴,1464,Series 2 Volume 3
5899e7defe6fca451b590b4e,渉,1491,Series 2 Volume 3
5899e7defe6fca451b590b53,溝,1496,Series 2 Volume 3
5899e7defe6fca451b590b59,漂,1502,Series 2 Volume 3
5899e7defe6fca451b590b5e,漬,1507,Series 2 Volume 3
5899e7defe6fca451b590b79,猛,1534,Series 2 Volume 3
5899e7defe6fca451b590b97,盟,1564,Series 2 Volume 3
5899e7defe6fca451b590ba3,矯,1576,Series 2 Volume 3
5899e7defe6fca451b590bac,礎,1585,Series 2 Volume 3
5899e7defe6fca451b590bb0,禅,1589,Series 2 Volume 3
5899e7defe6fca451b590bb5,秩,1594,Series 2 Volume 3
5899e7defe6fca451b590bbc,穂,1601,Series 2 Volume 3
5899e7defe6fca451b590bd7,紋,1628,Series 2 Volume 3
5899e7defe6fca451b590bdd,紫,1634,Series 2 Volume 3
5899e7defe6fca451b590bde,累,1635,Series 2 Volume 3
5899e7defe6fca451b590be2,統,1639,Series 2 Volume 3
5899e7defe6fca451b590beb,緯,1648,Series 2 Volume 3
5899e7defe6fca451b590bec,縁,1649,Series 2 Volume 3
5899e7defe6fca451b590bf1,縮,1654,Series 2 Volume 3
5899e7defe6fca451b590c17,臭,1692,Series 2 Volume 3
5899e7defe6fca451b590c21,芳,1702,Series 2 Volume 3
5899e7defe6fca451b590c34,蚕,1721,Series 2 Volume 3
5899e7defe6fca451b590c43,裸,1736,Series 2 Volume 3
5899e7defe6fca451b590c46,襟,1739,Series 2 Volume 3
5899e7defe6fca451b590c57,詳,1756,Series 2 Volume 3
5899e7defe6fca451b590c73,賊,1784,Series 2 Volume 3
5899e7defe6fca451b590c7e,跳,1795,Series 2 Volume 3
5899e7defe6fca451b590cb7,鋼,1852,Series 2 Volume 3
5899e7defe6fca451b590ce1,霧,1894,Series 2 Volume 3
5899e7defe6fca451b590cf0,餓,1909,Series 2 Volume 3
5899e7defe6fca451b590cf9,魅,1918,Series 2 Volume 3
5899e7defe6fca451b590d07,勺,1932,Series 2 Volume 3
5899e7defe6fca451b590c6a,護,1775,Series 2 Volume 3
5899e7defe6fca451b590c66,謡,1771,Series 2 Volume 3
5899e7defe6fca451b590c74,賓,1785,Series 2 Volume 3
5899e7defe6fca451b590cc6,阻,1867,Series 2 Volume 3
5899e7defe6fca451b590c64,謙,1769,Series 2 Volume 3
5899e7defe6fca451b590c9c,還,1825,Series 2 Volume 3
5899e7defe6fca451b590c76,賠,1787,Series 2 Volume 3
5899e7defe6fca451b590c6b,豚,1776,Series 2 Volume 3
5899e7defe6fca451b590c99,遷,1822,Series 2 Volume 3
5899e7defe6fca451b590ca5,酔,1834,Series 2 Volume 3
5899e7defe6fca451b590ca7,酪,1836,Series 2 Volume 3
5899e7defe6fca451b590caf,釣,1844,Series 2 Volume 3
5899e7defe6fca451b590cb2,鉢,1847,Series 2 Volume 3
5899e7defe6fca451b590cb9,錬,1854,Series 2 Volume 3
5899e7defe6fca451b590cba,錯,1855,Series 2 Volume 3
5899e7defe6fca451b590ceb,飢,1904,Series 2 Volume 3
5899e7defe6fca451b590cf1,駄,1910,Series 2 Volume 3
5899e7defe6fca451b590cf2,駆,1911,Series 2 Volume 3
5899e7defe6fca451b590cf7,鬼,1916,Series 2 Volume 3
5899e7defe6fca451b590cfa,魔,1919,Series 2 Volume 3
5899e7defe6fca451b590cfb,鮮,1920,Series 2 Volume 3
5899e7defe6fca451b590d10,朕,1941,Series 2 Volume 3
5899e7defe6fca451b590c70,貴,1781,Series 2 Volume 3
5899e7defe6fca451b590c68,譜,1773,Series 2 Volume 3
5899e7defe6fca451b590c80,踏,1797,Series 2 Volume 3
5899e7defe6fca451b590c8c,透,1809,Series 2 Volume 3
5899e7defe6fca451b590c8f,逝,1812,Series 2 Volume 3
5899e7defe6fca451b590cbf,鐘,1860,Series 2 Volume 3
5899e7defe6fca451b590cce,陵,1875,Series 2 Volume 3
5899e7defe6fca451b590ce2,露,1895,Series 2 Volume 3
5899e7defe6fca451b590ce9,顕,1902,Series 2 Volume 3
5899e7defe6fca451b590d03,虞,1928,Series 2 Volume 3
5899e7defe6fca451b590d05,且,1930,Series 2 Volume 3
5899e7defe6fca451b590c6c,豪,1777,Series 2 Volume 3
5899e7defe6fca451b590cd4,障,1881,Series 2 Volume 3
5899e7defe6fca451b590cdb,離,1888,Series 2 Volume 3
5899e7defe6fca451b590d06,侯,1931,Series 2 Volume 3
5899e7defe6fca451b590c7f,践,1796,Series 2 Volume 3
5899e7defe6fca451b590c90,逮,1813,Series 2 Volume 3
5899e7defe6fca451b590c97,遮,1820,Series 2 Volume 3
5899e7defe6fca451b590c9a,遺,1823,Series 2 Volume 3
5899e7defe6fca451b590c9e,邪,1827,Series 2 Volume 3
5899e7defe6fca451b590ce4,響,1897,Series 2 Volume 3
5899e7defe6fca451b590c6e,貢,1779,Series 2 Volume 3
5899e7defe6fca451b590c83,軸,1800,Series 2 Volume 3
5899e7defe6fca451b590c88,辱,1805,Series 2 Volume 3
5899e7defe6fca451b590c8d,逐,1810,Series 2 Volume 3
5899e7defe6fca451b590c8e,逓,1811,Series 2 Volume 3
5899e7defe6fca451b590c96,遭,1819,Series 2 Volume 3
5899e7defe6fca451b590c9f,邸,1828,Series 2 Volume 3
5899e7defe6fca451b590cb0,鈴,1845,Series 2 Volume 3
5899e7defe6fca451b590cbe,鏡,1859,Series 2 Volume 3
5899e7defe6fca451b590cc5,闘,1866,Series 2 Volume 3
5899e7defe6fca451b590cdc,雰,1889,Series 2 Volume 3
5899e7defe6fca451b590cdd,雷,1890,Series 2 Volume 3
5899e7defe6fca451b590cde,需,1891,Series 2 Volume 3
5899e7defe6fca451b590cc3,閥,1864,Series 2 Volume 3
5899e7defe6fca451b590cc7,附,1868,Series 2 Volume 3
5899e7defe6fca451b590ccf,陶,1876,Series 2 Volume 3
5899e7defe6fca451b590cd5,隠,1882,Series 2 Volume 3
5899e7defe6fca451b590cd7,隻,1884,Series 2 Volume 3
5899e7defe6fca451b590cea,顧,1903,Series 2 Volume 3
5899e7defe6fca451b590cee,飾,1907,Series 2 Volume 3
5899e7defe6fca451b590c67,謹,1772,Series 2 Volume 3
5899e7defe6fca451b590c82,軌,1799,Series 2 Volume 3
5899e7defe6fca451b590c89,迅,1806,Series 2 Volume 3
5899e7defe6fca451b590c8a,迫,1807,Series 2 Volume 3
5899e7defe6fca451b590c91,逸,1814,Series 2 Volume 3
5899e7defe6fca451b590c92,遂,1815,Series 2 Volume 3
5899e7defe6fca451b590c9d,邦,1826,Series 2 Volume 3
5899e7defe6fca451b590cbd,鎮,1858,Series 2 Volume 3
5899e7defe6fca451b590cca,陥,1871,Series 2 Volume 3
5899e7defe6fca451b590cdf,霊,1892,Series 2 Volume 3
5899e7defe6fca451b590ce3,韻,1896,Series 2 Volume 3
5899e7defe6fca451b590d0a,帥,1935,Series 2 Volume 3
5899e7defe6fca451b590d0b,錘,1936,Series 2 Volume 3
5899e7defe6fca451b590c7d,跡,1794,Series 2 Volume 3
5899e7defe6fca451b590c75,賜,1786,Series 2 Volume 3
5899e7defe6fca451b590c6d,貞,1778,Series 2 Volume 3
5899e7defe6fca451b590c78,購,1789,Series 2 Volume 3
5899e7defe6fca451b590c86,輩,1803,Series 2 Volume 3
5899e7defe6fca451b590c93,遇,1816,Series 2 Volume 3
5899e7defe6fca451b590ca1,郡,1830,Series 2 Volume 3
5899e7defe6fca451b590cac,醜,1841,Series 2 Volume 3
5899e7defe6fca451b590cb8,錠,1853,Series 2 Volume 3
5899e7defe6fca451b590cc0,鑑,1861,Series 2 Volume 3
5899e7defe6fca451b590ce0,霜,1893,Series 2 Volume 3
5899e7defe6fca451b590ce6,頑,1899,Series 2 Volume 3
5899e7defe6fca451b590ce7,頒,1900,Series 2 Volume 3
5899e7defe6fca451b590cec,飼,1905,Series 2 Volume 3
5899e7defe6fca451b590cf5,騰,1914,Series 2 Volume 3
5899e7defe6fca451b590cf8,魂,1917,Series 2 Volume 3
5899e7defe6fca451b590d02,翁,1927,Series 2 Volume 3
5899e7defe6fca451b590c72,賄,1783,Series 2 Volume 3
5899e7defe6fca451b590c85,輝,1802,Series 2 Volume 3
5899e7defe6fca451b590c9b,避,1824,Series 2 Volume 3
5899e7defe6fca451b590cae,釈,1843,Series 2 Volume 3
5899e7defe6fca451b590cc9,陣,1870,Series 2 Volume 3
5899e7defe6fca451b590ccb,陪,1872,Series 2 Volume 3
5899e7defe6fca451b590cd8,雄,1885,Series 2 Volume 3
5899e7defe6fca451b590cda,雌,1887,Series 2 Volume 3
5899e7defe6fca451b590cef,養,1908,Series 2 Volume 3
5899e7defe6fca451b590cfe,麗,1923,Series 2 Volume 3
5899e7defe6fca451b590d08,爵,1933,Series 2 Volume 3
5899e7defe6fca451b590c65,謝,1770,Series 2 Volume 3
5899e7defe6fca451b590c8b,迭,1808,Series 2 Volume 3
5899e7defe6fca451b590c94,遍,1817,Series 2 Volume 3
5899e7defe6fca451b590c95,遣,1818,Series 2 Volume 3
5899e7defe6fca451b590caa,酷,1839,Series 2 Volume 3
5899e7defe6fca451b590cb5,銭,1850,Series 2 Volume 3
5899e7defe6fca451b590cb6,鋳,1851,Series 2 Volume 3
5899e7defe6fca451b590cc1,閑,1862,Series 2 Volume 3
5899e7defe6fca451b590ccc,陰,1873,Series 2 Volume 3
5899e7defe6fca451b590cd6,隣,1883,Series 2 Volume 3
5899e7defe6fca451b590ce5,項,1898,Series 2 Volume 3
5899e7defe6fca451b590d12,婆,1943,Series 2 Volume 3
5899e7defe6fca451b590d13,匁,1944,Series 2 Volume 3
5899e7defe6fca451b590c81,躍,1798,Series 2 Volume 3
5899e7defe6fca451b590c84,載,1801,Series 2 Volume 3
5899e7defe6fca451b590c87,轄,1804,Series 2 Volume 3
5899e7defe6fca451b590ca2,郭,1831,Series 2 Volume 3
5899e7defe6fca451b590cad,醸,1842,Series 2 Volume 3
5899e7defe6fca451b590cbc,鎖,1857,Series 2 Volume 3
5899e7defe6fca451b590cd2,随,1879,Series 2 Volume 3
5899e7defe6fca451b590ce8,頻,1901,Series 2 Volume 3
5899e7defe6fca451b590d01,鼓,1926,Series 2 Volume 3
5899e7defe6fca451b590d0c,畝,1937,Series 2 Volume 3
5899e7defe6fca451b590d0d,銑,1938,Series 2 Volume 3
5899e7defe6fca451b590d14,隷,1945,Series 2 Volume 3
5899e7defe6fca451b590c77,賦,1788,Series 2 Volume 3
5899e7defe6fca451b590cb1,鉛,1846,Series 2 Volume 3
5899e7defe6fca451b590cb3,銃,1848,Series 2 Volume 3
5899e7defe6fca451b590cb4,銘,1849,Series 2 Volume 3
5899e7defe6fca451b590cc4,閲,1865,Series 2 Volume 3
5899e7defe6fca451b590d04,嚇,1929,Series 2 Volume 3
5899e7defe6fca451b590c69,譲,1774,Series 2 Volume 3
5899e7defe6fca451b590c7a,赴,1791,Series 2 Volume 3
5899e7defe6fca451b590ca8,酬,1837,Series 2 Volume 3
5899e7defe6fca451b590cab,酸,1840,Series 2 Volume 3
5899e7defe6fca451b590cbb,鍛,1856,Series 2 Volume 3
5899e7defe6fca451b590cd1,隊,1878,Series 2 Volume 3
5899e7defe6fca451b590cd9,雅,1886,Series 2 Volume 3
5899e7defe6fca451b590cf3,騎,1912,Series 2 Volume 3
5899e7defe6fca451b590cf6,髄,1915,Series 2 Volume 3
5899e7defe6fca451b590d00,黙,1925,Series 2 Volume 3
5899e7defe6fca451b590d0e,但,1939,Series 2 Volume 3
5899e7defe6fca451b590c6f,貫,1780,Series 2 Volume 3
5899e7defe6fca451b590c79,赦,1790,Series 2 Volume 3
5899e7defe6fca451b590c7b,趣,1792,Series 2 Volume 3
5899e7defe6fca451b590ca0,郎,1829,Series 2 Volume 3
5899e7defe6fca451b590ca6,酢,1835,Series 2 Volume 3
5899e7defe6fca451b590ca9,酵,1838,Series 2 Volume 3
5899e7defe6fca451b590ccd,陳,1874,Series 2 Volume 3
5899e7defe6fca451b590cfd,鶏,1922,Series 2 Volume 3
5899e7defe6fca451b590cff,麻,1924,Series 2 Volume 3
5899e7defe6fca451b590d11,奴,1942,Series 2 Volume 3
5899e7defe6fca451b590c71,賀,1782,Series 2 Volume 3
5899e7defe6fca451b590c7c,距,1793,Series 2 Volume 3
5899e7defe6fca451b590c98,遵,1821,Series 2 Volume 3
5899e7defe6fca451b590ca3,郷,1832,Series 2 Volume 3
5899e7defe6fca451b590ca4,酌,1833,Series 2 Volume 3
5899e7defe6fca451b590cc2,閣,1863,Series 2 Volume 3
5899e7defe6fca451b590cc8,陛,1869,Series 2 Volume 3
5899e7defe6fca451b590cd0,隆,1877,Series 2 Volume 3
5899e7defe6fca451b590cd3,隔,1880,Series 2 Volume 3
5899e7defe6fca451b590ced,飽,1906,Series 2 Volume 3
5899e7defe6fca451b590cf4,騒,1913,Series 2 Volume 3
5899e7defe6fca451b590cfc,鯨,1921,Series 2 Volume 3
5899e7defe6fca451b590d09,薪,1934,Series 2 Volume 3
5899e7defe6fca451b590d0f,脹,1940,Series 2 Volume 3
